Workbook

Sheet Conductor
B3: ..
B4: 22-ene | C4: 23-ene | D4: 24-ene | E4: 25-ene | F4: 26-ene | G4: 27-ene | H4: 28-ene | I4: 29-ene | J4: 30-ene | K4: 31-ene | L4: 01-feb | M4: 02-feb | N4: 03-feb | O4: 04-feb | P4: 05-feb | Q4: 06-feb | R4: 07-feb | S4: 08-feb | T4: 09-feb | U4: 10-feb | V4: 11-feb | W4: 12-feb | X4: 13-feb | Y4: 14-feb | Z4: 15-feb | AA4: 16-feb | AB4: 17-feb | AC4: 18-feb | AD4: 19-feb | AE4: 20-feb | AF4: 21-feb | AG4: Total general
A5: Etiquetas de fila | B5: Libre Compensatorio | C5: Ok | D5: Descanso | E5: Descanso | F5: Vacaciones | G5: Vacaciones | H5: Vacaciones | I5: Vacaciones | J5: Vacaciones | K5: Vacaciones | L5: Vacaciones | M5: Vacaciones | N5: Vacaciones | O5: Vacaciones | P5: Vacaciones | Q5: Vacaciones | R5: Vacaciones | S5: Vacaciones | T5: Vacaciones | U5: Vacaciones | V5: Vacaciones | W5: Vacaciones | X5: Vacaciones | Y5: Descanso | Z5: Descanso | AA5: Ok | AB5: Ok | AC5: Ok | AD5: Ok | AE5: Libre Compensatorio | AF5: Ok
A6: Andres Moya
A7: Suma de Despacho / Retiro | B7: 0 | C7: 0 | D7: 0 | E7: 0 | F7: 0 | G7: 0 | H7: 0 | I7: 0 | J7: 0 | K7: 0 | L7: 0 | M7: 0 | N7: 0 | O7: 0 | P7: 0 | Q7: 0 | R7: 0 | S7: 0 | T7: 0 | U7: 0 | V7: 0 | W7: 0 | X7: 0 | Y7: 0 | Z7: 0 | AA7: 0 | AB7: 20 | AC7: 34 | AD7: 22 | AE7: 0 | AF7: 0 | AG7: 76
A8: Suma de Entrada < 19:30 | B8: 0 | C8: 0 | D8: 0 | E8: 0 | F8: 0 | G8: 0 | H8: 0 | I8: 0 | J8: 0 | K8: 0 | L8: 0 | M8: 0 | N8: 0 | O8: 0 | P8: 0 | Q8: 0 | R8: 0 | S8: 0 | T8: 0 | U8: 0 | V8: 0 | W8: 0 | X8: 0 | Y8: 0 | Z8: 0 | AA8: 0 | AB8: 0 | AC8: 0 | AD8: 0 | AE8: 0 | AF8: 0 | AG8: 0
A9: Suma de Salida > 19:30 | B9: 0 | C9: 0 | D9: 0 | E9: 0 | F9: 0 | G9: 0 | H9: 0 | I9: 0 | J9: 0 | K9: 0 | L9: 0 | M9: 0 | N9: 0 | O9: 0 | P9: 0 | Q9: 0 | R9: 0 | S9: 0 | T9: 0 | U9: 0 | V9: 0 | W9: 0 | X9: 0 | Y9: 0 | Z9: 0 | AA9: 0 | AB9: 0 | AC9: 0 | AD9: 0 | AE9: 0 | AF9: 0 | AG9: 0
A10: Suma de Feria Semana 01 | B10: 0 | C10: 0 | D10: 0 | E10: 0 | F10: 0 | G10: 0 | H10: 0 | I10: 0 | J10: 0 | K10: 0 | L10: 0 | M10: 0 | N10: 0 | O10: 0 | P10: 0 | Q10: 0 | R10: 0 | S10: 0 | T10: 0 | U10: 0 | V10: 0 | W10: 0 | X10: 0 | Y10: 0 | Z10: 0 | AA10: 0 | AB10: 0 | AC10: 1 | AD10: 0 | AE10: 0 | AF10: 0 | AG10: 1
A11: Suma de Feria Semana 02 | B11: 0 | C11: 0 | D11: 0 | E11: 0 | F11: 0 | G11: 0 | H11: 0 | I11: 0 | J11: 0 | K11: 0 | L11: 0 | M11: 0 | N11: 0 | O11: 0 | P11: 0 | Q11: 0 | R11: 0 | S11: 0 | T11: 0 | U11: 0 | V11: 0 | W11: 0 | X11: 0 | Y11: 0 | Z11: 0 | AA11: 0 | AB11: 1 | AC11: 0 | AD11: 1 | AE11: 0 | AF11: 0 | AG11: 2
A12: Suma de Fuera Radio Normal | B12: 0 | C12: 2 | D12: 0 | E12: 0 | F12: 0 | G12: 0 | H12: 0 | I12: 0 | J12: 0 | K12: 0 | L12: 0 | M12: 0 | N12: 0 | O12: 0 | P12: 0 | Q12: 0 | R12: 0 | S12: 0 | T12: 0 | U12: 0 | V12: 0 | W12: 0 | X12: 0 | Y12: 0 | Z12: 0 | AA12: 0 | AB12: 0 | AC12: 0 | AD12: 0 | AE12: 0 | AF12: 0 | AG12: 2
A13: Suma de Fuera Radio V Región | B13: 0 | C13: 0 | D13: 0 | E13: 0 | F13: 0 | G13: 0 | H13: 0 | I13: 0 | J13: 0 | K13: 0 | L13: 0 | M13: 0 | N13: 0 | O13: 0 | P13: 0 | Q13: 0 | R13: 0 | S13: 0 | T13: 0 | U13: 0 | V13: 0 | W13: 0 | X13: 0 | Y13: 0 | Z13: 0 | AA13: 0 | AB13: 0 | AC13: 0 | AD13: 0 | AE13: 0 | AF13: 0 | AG13: 0
A14: Suma de Sabado | B14: 0 | C14: 0 | D14: 0 | E14: 0 | F14: 0 | G14: 0 | H14: 0 | I14: 0 | J14: 0 | K14: 0 | L14: 0 | M14: 0 | N14: 0 | O14: 0 | P14: 0 | Q14: 0 | R14: 0 | S14: 0 | T14: 0 | U14: 0 | V14: 0 | W14: 0 | X14: 0 | Y14: 0 | Z14: 0 | AA14: 0 | AB14: 0 | AC14: 0 | AD14: 0 | AE14: 0 | AF14: 1 | AG14: 1
A15: Suma de Aux Sabado Semana 02 | B15: 0 | C15: 0 | D15: 0 | E15: 0 | F15: 0 | G15: 0 | H15: 0 | I15: 0 | J15: 0 | K15: 0 | L15: 0 | M15: 0 | N15: 0 | O15: 0 | P15: 0 | Q15: 0 | R15: 0 | S15: 0 | T15: 0 | U15: 0 | V15: 0 | W15: 0 | X15: 0 | Y15: 0 | Z15: 0 | AA15: 0 | AB15: 0 | AC15: 0 | AD15: 0 | AE15: 0 | AF15: 0 | AG15: 0
A16: Suma de Domingo | B16: 0 | C16: 0 | D16: 0 | E16: 0 | F16: 0 | G16: 0 | H16: 0 | I16: 0 | J16: 0 | K16: 0 | L16: 0 | M16: 0 | N16: 0 | O16: 0 | P16: 0 | Q16: 0 | R16: 0 | S16: 0 | T16: 0 | U16: 0 | V16: 0 | W16: 0 | X16: 0 | Y16: 0 | Z16: 0 | AA16: 0 | AB16: 0 | AC16: 0 | AD16: 0 | AE16: 0 | AF16: 0 | AG16: 0
A17: Suma de Aux Domingo Semana 02 | B17: 0 | C17: 0 | D17: 0 | E17: 0 | F17: 0 | G17: 0 | H17: 0 | I17: 0 | J17: 0 | K17: 0 | L17: 0 | M17: 0 | N17: 0 | O17: 0 | P17: 0 | Q17: 0 | R17: 0 | S17: 0 | T17: 0 | U17: 0 | V17: 0 | W17: 0 | X17: 0 | Y17: 0 | Z17: 0 | AA17: 0 | AB17: 0 | AC17: 0 | AD17: 0 | AE17: 0 | AF17: 0 | AG17: 0
A18: Suma de Viajes Por Cliente | B18: 0 | C18: 0 | D18: 0 | E18: 0 | F18: 0 | G18: 0 | H18: 0 | I18: 0 | J18: 0 | K18: 0 | L18: 0 | M18: 0 | N18: 0 | O18: 0 | P18: 0 | Q18: 0 | R18: 0 | S18: 0 | T18: 0 | U18: 0 | V18: 0 | W18: 0 | X18: 0 | Y18: 0 | Z18: 0 | AA18: 0 | AB18: 0 | AC18: 0 | AD18: 0 | AE18: 0 | AF18: 2 | AG18: 2
... A46: Total Suma de Fosa | B46: 0 | C46: 0 | D46: 0 | E46: 0 | F46: 0 | G46: 0 | H46: 0 | I46: 0 | J46: 0 | K46: 0 | L46: 0 | M46: 0 | N46: 0 | O46: 0 | P46: 0 | Q46: 0 | R46: 0 | S46: 0 | T46: 0 | U46: 0 | V46: 0 | W46: 0 | X46: 0 | Y46: 0 | Z46: 0 | AA46: 0 | AB46: 0 | AC46: 0 | AD46: 0 | AE46: 0 | AF46: 0 | AG46: 0

Sheet Auxiliar
B3: ..
B4: 22-ene | F4: 23-ene | I4: 24-ene | K4: 25-ene | M4: 26-ene | Q4: 27-ene | U4: 28-ene | Z4: 29-ene | AE4: 30-ene | AI4: 31-ene | AM4: 01-feb | AQ4: 02-feb | AV4: 03-feb | AZ4: 04-feb | BE4: 05-feb | BI4: 06-feb | BM4: 07-feb | BQ4: 08-feb | BU4: 09-feb | BZ4: 10-feb | CD4: 11-feb | CH4: 12-feb | CL4: 13-feb | CQ4: 14-feb | CT4: 15-feb | CW4: 16-feb | DB4: 17-feb | DF4: 18-feb | DJ4: 19-feb | DM4: 20-feb | DQ4: 21-feb | DT4: Total general
A5: Etiquetas de fila | B5: Libre Compensatorio | C5: Ok | D5: Sin Producción | E5: Servicios | F5: Libre Compensatorio | G5: Ok | H5: Servicios | I5: Ok | J5: Descanso | K5: Ok | L5: Descanso | M5: Ok | N5: Sin Producción | O5: Vacaciones | P5: Servicios | Q5: Libre Compensatorio | R5: Ok | S5: Vacaciones | T5: Servicios | U5: Libre Compensatorio | V5: Ok | W5: Sin Producción | X5: Vacaciones | Y5: Servicios | Z5: Libre Compensatorio | AA5: Ok | AB5: Sin Producción | AC5: Vacaciones | AD5: Servicios | AE5: Libre Compensatorio | AF5: Ok | AG5: Vacaciones | AH5: Servicios | AI5: Ok | AJ5: Vacaciones | AK5: Descanso | AL5: Servicios | AM5: Ok | AN5: Vacaciones | AO5: Descanso | AP5: Servicios | AQ5: Libre Compensatorio | AR5: Ok | AS5: Sin Producción | AT5: Vacaciones | AU5: Servicios | AV5: Libre Compensatorio | AW5: Ok | AX5: Vacaciones | AY5: Servicios | AZ5: Libre Compensatorio | BA5: Ok | BB5: Sin Producción | BC5: Vacaciones | BD5: Servicios | BE5: Libre Compensatorio | BF5: Ok | BG5: Vacaciones | BH5: Servicios | BI5: Ok | BJ5: Sin Producción | BK5: Vacaciones | BL5: Servicios | BM5: Ok | BN5: Vacaciones | BO5: Descanso | BP5: Servicios | BQ5: Ok | BR5: Vacaciones | BS5: Descanso | BT5: Servicios | BU5: Libre Compensatorio | BV5: Ok | BW5: Sin Producción | BX5: Vacaciones | BY5: Servicios | BZ5: Libre Compensatorio | CA5: Ok | CB5: Vacaciones | CC5: Servicios | CD5: Libre Compensatorio | CE5: Ok | CF5: Vacaciones | CG5: Servicios | CH5: Libre Compensatorio | CI5: Ok | CJ5: Vacaciones | CK5: Servicios | CL5: Ok | CM5: Sin Producción | CN5: Vacaciones | CO5: Servicios | CP5: Libre Cumpleaños | CQ5: Ok | CR5: Descanso | CS5: Servicios | CT5: Ok | CU5: Descanso | CV5: Servicios | CW5: Libre Compensatorio | CX5: Ok | CY5: Sin Producción | CZ5: Vacaciones | DA5: Servicios | DB5: Libre Compensatorio | DC5: Ok | DD5: Vacaciones | DE5: Servicios | DF5: Libre Compensatorio | DG5: Ok | DH5: Vacaciones | DI5: Servicios | DJ5: Ok | DK5: Vacaciones | DL5: Servicios | DM5: Libre Compensatorio | DN5: Ok | DO5: Vacaciones | DP5: Servicios | DQ5: Ok | DR5: Vacaciones | DS5: Descanso
A6: Alejandro Escobar
A7: Suma de Despacho / Retiro | C7: 44 | G7: 32 | I7: 0 | K7: 0 | M7: 13 | R7: 36 | V7: 40 | AA7: 2 | AF7: 39 | AK7: 0 | AO7: 0 | AR7: 0 | AV7: 0 | BA7: 40 | BF7: 24 | BI7: 30 | BM7: 0 | BQ7: 0 | BW7: 0 | CA7: 36 | CD7: 0 | CI7: 36 | CL7: 47 | CQ7: 0 | CT7: 0 | CX7: 0 | DC7: 20 | DF7: 0 | DJ7: 38 | DN7: 18 | DQ7: 0 | DT7: 495
A8: Suma de Entrada < 19:30 | C8: 0 | G8: 0 | I8: 0 | K8: 0 | M8: 0 | R8: 0 | V8: 0 | AA8: 0 | AF8: 0 | AK8: 0 | AO8: 0 | AR8: 0 | AV8: 0 | BA8: 0 | BF8: 0 | BI8: 0 | BM8: 0 | BQ8: 0 | BW8: 0 | CA8: 0 | CD8: 0 | CI8: 0 | CL8: 0 | CQ8: 0 | CT8: 0 | CX8: 0 | DC8: 0 | DF8: 0 | DJ8: 0 | DN8: 0 | DQ8: 0 | DT8: 0
A9: Suma de Salida > 19:30 | C9: 0 | G9: 2 | I9: 0 | K9: 0 | M9: 0 | R9: 0 | V9: 0 | AA9: 0 | AF9: 0 | AK9: 0 | AO9: 0 | AR9: 0 | AV9: 0 | BA9: 0 | BF9: 1 | BI9: 0 | BM9: 0 | BQ9: 0 | BW9: 0 | CA9: 0 | CD9: 0 | CI9: 0 | CL9: 0 | CQ9: 0 | CT9: 0 | CX9: 0 | DC9: 0 | DF9: 0 | DJ9: 0 | DN9: 0 | DQ9: 0 | DT9: 3
A10: Suma de Feria Semana 01 | C10: 2 | G10: 2 | I10: 0 | K10: 0 | M10: 0 | R10: 1 | V10: 1 | AA10: 0 | AF10: 1 | AK10: 0 | AO10: 0 | AR10: 0 | AV10: 0 | BA10: 1 | BF10: 0 | BI10: 0 | BM10: 0 | BQ10: 0 | BW10: 0 | CA10: 1 | CD10: 0 | CI10: 1 | CL10: 1 | CQ10: 0 | CT10: 0 | CX10: 0 | DC10: 1 | DF10: 0 | DJ10: 1 | DN10: 1 | DQ10: 0 | DT10: 14
A11: Suma de Feria Semana 02 | C11: 0 | G11: 0 | I11: 0 | K11: 0 | M11: 0 | R11: 0 | V11: 0 | AA11: 0 | AF11: 0 | AK11: 0 | AO11: 0 | AR11: 0 | AV11: 0 | BA11: 0 | BF11: 1 | BI11: 1 | BM11: 0 | BQ11: 0 | BW11: 0 | CA11: 0 | CD11: 0 | CI11: 0 | CL11: 0 | CQ11: 0 | CT11: 0 | CX11: 0 | DC11: 0 | DF11: 0 | DJ11: 0 | DN11: 0 | DQ11: 0 | DT11: 2
A12: Suma de Fuera Radio Normal | C12: 0 | G12: 0 | I12: 0 | K12: 1 | M12: 0 | R12: 0 | V12: 0 | AA12: 0 | AF12: 0 | AK12: 0 | AO12: 0 | AR12: 0 | AV12: 0 | BA12: 0 | BF12: 0 | BI12: 0 | BM12: 0 | BQ12: 0 | BW12: 0 | CA12: 0 | CD12: 0 | CI12: 0 | CL12: 0 | CQ12: 0 | CT12: 0 | CX12: 0 | DC12: 0 | DF12: 0 | DJ12: 0 | DN12: 0 | DQ12: 0 | DT12: 1
A13: Suma de Fuera Radio V Región | C13: 0 | G13: 0 | I13: 0 | K13: 0 | M13: 0 | R13: 0 | V13: 0 | AA13: 0 | AF13: 0 | AK13: 0 | AO13: 0 | AR13: 0 | AV13: 0 | BA13: 0 | BF13: 0 | BI13: 0 | BM13: 0 | BQ13: 0 | BW13: 0 | CA13: 1 | CD13: 0 | CI13: 1 | CL13: 0 | CQ13: 0 | CT13: 0 | CX13: 0 | DC13: 0 | DF13: 0 | DJ13: 0 | DN13: 0 | DQ13: 0 | DT13: 2
A14: Suma de Sabado | C14: 0 | G14: 0 | I14: 1 | K14: 0 | M14: 0 | R14: 0 | V14: 0 | AA14: 0 | AF14: 0 | AK14: 0 | AO14: 0 | AR14: 0 | AV14: 0 | BA14: 0 | BF14: 0 | BI14: 0 | BM14: 1 | BQ14: 0 | BW14: 0 | CA14: 0 | CD14: 0 | CI14: 0 | CL14: 0 | CQ14: 1 | CT14: 0 | CX14: 0 | DC14: 0 | DF14: 0 | DJ14: 0 | DN14: 0 | DQ14: 1 | DT14: 4
A15: Suma de Aux Sabado Semana 02 | C15: 0 | G15: 0 | I15: 0 | K15: 0 | M15: 0 | R15: 0 | V15: 0 | AA15: 0 | AF15: 0 | AK15: 0 | AO15: 0 | AR15: 0 | AV15: 0 | BA15: 0 | BF15: 0 | BI15: 0 | BM15: 0 | BQ15: 0 | BW15: 0 | CA15: 0 | CD15: 0 | CI15: 0 | CL15: 0 | CQ15: 0 | CT15: 0 | CX15: 0 | DC15: 0 | DF15: 0 | DJ15: 0 | DN15: 0 | DQ15: 1 | DT15: 1
A16: Suma de Domingo | C16: 0 | G16: 0 | I16: 0 | K16: 1 | M16: 0 | R16: 0 | V16: 0 | AA16: 0 | AF16: 0 | AK16: 0 | AO16: 0 | AR16: 0 | AV16: 0 | BA16: 0 | BF16: 0 | BI16: 0 | BM16: 0 | BQ16: 1 | BW16: 0 | CA16: 0 | CD16: 0 | CI16: 0 | CL16: 0 | CQ16: 0 | CT16: 1 | CX16: 0 | DC16: 0 | DF16: 0 | DJ16: 0 | DN16: 0 | DQ16: 0 | DT16: 3
A17: Suma de Aux Domingo Semana 02 | C17: 0 | G17: 0 | I17: 0 | K17: 0 | M17: 0 | R17: 0 | V17: 0 | AA17: 0 | AF17: 0 | AK17: 0 | AO17: 0 | AR17: 0 | AV17: 0 | BA17: 0 | BF17: 0 | BI17: 0 | BM17: 0 | BQ17: 0 | BW17: 0 | CA17: 0 | CD17: 0 | CI17: 0 | CL17: 0 | CQ17: 0 | CT17: 0 | CX17: 0 | DC17: 0 | DF17: 0 | DJ17: 0 | DN17: 0 | DQ17: 0 | DT17: 0
A18: Suma de Viajes Por Cliente | C18: 0 | G18: 0 | I18: 0 | K18: 2 | M18: 0 | R18: 0 | V18: 1 | AA18: 0 | AF18: 0 | AK18: 0 | AO18: 0 | AR18: 0 | AV18: 0 | BA18: 0 | BF18: 0 | BI18: 0 | BM18: 0 | BQ18: 13 | BW18: 0 | CA18: 1 | CD18: 0 | CI18: 0 | CL18: 0 | CQ18: 4 | CT18: 6 | CX18: 0 | DC18: 0 | DF18: 0 | DJ18: 2 | DN18: 0 | DQ18: 1 | DT18: 30
... A26: Suma de Fosa | C26: 0 | G26: 0 | I26: 0 | K26: 0 | M26: 0 | R26: 0 | V26: 0 | AA26: 0 | AF26: 0 | AK26: 0 | AO26: 0 | AR26: 0 | AV26: 0 | BA26: 0 | BF26: 0 | BI26: 0 | BM26: 0 | BQ26: 0 | BW26: 0 | CA26: 0 | CD26: 0 | CI26: 0 | CL26: 0 | CQ26: 0 | CT26: 0 | CX26: 0 | DC26: 0 | DF26: 0 | DJ26: 0 | DN26: 0 | DQ26: 0 | DT26: 0
A27: Gonzalo Gonzalez
A28: Suma de Despacho / Retiro | E28: 0 | H28: 0 | J28: 0 | L28: 0 | P28: 0 | T28: 0 | Y28: 0 | AD28: 0 | AH28: 0 | AK28: 0 | AO28: 0 | AU28: 0 | AY28: 0 | BD28: 0 | BH28: 0 | BL28: 0 | BO28: 0 | BS28: 0 | BY28: 0 | CC28: 0 | CG28: 0 | CK28: 0 | CO28: 0 | CR28: 0 | CU28: 0 | DA28: 0 | DE28: 0 | DI28: 0 | DL28: 0 | DP28: 0 | DS28: 0 | DT28: 0
A29: Suma de Entrada < 19:30 | E29: 0 | H29: 0 | J29: 0 | L29: 0 | P29: 0 | T29: 0 | Y29: 0 | AD29: 0 | AH29: 0 | AK29: 0 | AO29: 0 | AU29: 0 | AY29: 0 | BD29: 0 | BH29: 0 | BL29: 0 | BO29: 0 | BS29: 0 | BY29: 0 | CC29: 0 | CG29: 0 | CK29: 0 | CO29: 0 | CR29: 0 | CU29: 0 | DA29: 0 | DE29: 0 | DI29: 0 | DL29: 0 | DP29: 0 | DS29: 0 | DT29: 0
A30: Suma de Salida > 19:30 | E30: 0 | H30: 0 | J30: 0 | L30: 0 | P30: 0 | T30: 0 | Y30: 0 | AD30: 0 | AH30: 0 | AK30: 0 | AO30: 0 | AU30: 0 | AY30: 0 | BD30: 0 | BH30: 0 | BL30: 0 | BO30: 0 | BS30: 0 | BY30: 0 | CC30: 0 | CG30: 0 | CK30: 0 | CO30: 0 | CR30: 0 | CU30: 0 | DA30: 0 | DE30: 0 | DI30: 0 | DL30: 0 | DP30: 0 | DS30: 0 | DT30: 0
A31: Suma de Feria Semana 01 | E31: 0 | H31: 0 | J31: 0 | L31: 0 | P31: 0 | T31: 0 | Y31: 0 | AD31: 0 | AH31: 0 | AK31: 0 | AO31: 0 | AU31: 0 | AY31: 0 | BD31: 0 | BH31: 0 | BL31: 0 | BO31: 0 | BS31: 0 | BY31: 0 | CC31: 0 | CG31: 0 | CK31: 0 | CO31: 0 | CR31: 0 | CU31: 0 | DA31: 0 | DE31: 0 | DI31: 0 | DL31: 0 | DP31: 0 | DS31: 0 | DT31: 0
A32: Suma de Feria Semana 02 | E32: 0 | H32: 0 | J32: 0 | L32: 0 | P32: 0 | T32: 0 | Y32: 0 | AD32: 0 | AH32: 0 | AK32: 0 | AO32: 0 | AU32: 0 | AY32: 0 | BD32: 0 | BH32: 0 | BL32: 0 | BO32: 0 | BS32: 0 | BY32: 0 | CC32: 0 | CG32: 0 | CK32: 0 | CO32: 0 | CR32: 0 | CU32: 0 | DA32: 0 | DE32: 0 | DI32: 0 | DL32: 0 | DP32: 0 | DS32: 0 | DT32: 0
A33: Suma de Fuera Radio Normal | E33: 0 | H33: 0 | J33: 0 | L33: 0 | P33: 0 | T33: 0 | Y33: 0 | AD33: 0 | AH33: 0 | AK33: 0 | AO33: 0 | AU33: 0 | AY33: 0 | BD33: 0 | BH33: 0 | BL33: 0 | BO33: 0 | BS33: 0 | BY33: 0 | CC33: 0 | CG33: 0 | CK33: 0 | CO33: 0 | CR33: 0 | CU33: 0 | DA33: 0 | DE33: 0 | DI33: 0 | DL33: 0 | DP33: 0 | DS33: 0 | DT33: 0
A34: Suma de Fuera Radio V Región | E34: 0 | H34: 0 | J34: 0 | L34: 0 | P34: 0 | T34: 0 | Y34: 0 | AD34: 0 | AH34: 0 | AK34: 0 | AO34: 0 | AU34: 0 | AY34: 0 | BD34: 0 | BH34: 0 | BL34: 0 | BO34: 0 | BS34: 0 | BY34: 0 | CC34: 0 | CG34: 0 | CK34: 0 | CO34: 0 | CR34: 0 | CU34: 0 | DA34: 0 | DE34: 0 | DI34: 0 | DL34: 0 | DP34: 0 | DS34: 0 | DT34: 0
A35: Suma de Sabado | E35: 0 | H35: 0 | J35: 0 | L35: 0 | P35: 0 | T35: 0 | Y35: 0 | AD35: 0 | AH35: 0 | AK35: 0 | AO35: 0 | AU35: 0 | AY35: 0 | BD35: 0 | BH35: 0 | BL35: 0 | BO35: 0 | BS35: 0 | BY35: 0 | CC35: 0 | CG35: 0 | CK35: 0 | CO35: 0 | CR35: 0 | CU35: 0 | DA35: 0 | DE35: 0 | DI35: 0 | DL35: 0 | DP35: 0 | DS35: 0 | DT35: 0
A36: Suma de Aux Sabado Semana 02 | E36: 0 | H36: 0 | J36: 0 | L36: 0 | P36: 0 | T36: 0 | Y36: 0 | AD36: 0 | AH36: 0 | AK36: 0 | AO36: 0 | AU36: 0 | AY36: 0 | BD36: 0 | BH36: 0 | BL36: 0 | BO36: 0 | BS36: 0 | BY36: 0 | CC36: 0 | CG36: 0 | CK36: 0 | CO36: 0 | CR36: 0 | CU36: 0 | DA36: 0 | DE36: 0 | DI36: 0 | DL36: 0 | DP36: 0 | DS36: 0 | DT36: 0
A37: Suma de Domingo | E37: 0 | H37: 0 | J37: 0 | L37: 0 | P37: 0 | T37: 0 | Y37: 0 | AD37: 0 | AH37: 0 | AK37: 0 | AO37: 0 | AU37: 0 | AY37: 0 | BD37: 0 | BH37: 0 | BL37: 0 | BO37: 0 | BS37: 0 | BY37: 0 | CC37: 0 | CG37: 0 | CK37: 0 | CO37: 0 | CR37: 0 | CU37: 0 | DA37: 0 | DE37: 0 | DI37: 0 | DL37: 0 | DP37: 0 | DS37: 0 | DT37: 0
A38: Suma de Aux Domingo Semana 02 | E38: 0 | H38: 0 | J38: 0 | L38: 0 | P38: 0 | T38: 0 | Y38: 0 | AD38: 0 | AH38: 0 | AK38: 0 | AO38: 0 | AU38: 0 | AY38: 0 | BD38: 0 | BH38: 0 | BL38: 0 | BO38: 0 | BS38: 0 | BY38: 0 | CC38: 0 | CG38: 0 | CK38: 0 | CO38: 0 | CR38: 0 | CU38: 0 | DA38: 0 | DE38: 0 | DI38: 0 | DL38: 0 | DP38: 0 | DS38: 0 | DT38: 0
A39: Suma de Viajes Por Cliente | E39: 0 | H39: 0 | J39: 0 | L39: 0 | P39: 0 | T39: 0 | Y39: 0 | AD39: 0 | AH39: 0 | AK39: 0 | AO39: 0 | AU39: 0 | AY39: 0 | BD39: 0 | BH39: 0 | BL39: 0 | BO39: 0 | BS39: 0 | BY39: 0 | CC39: 0 | CG39: 0 | CK39: 0 | CO39: 0 | CR39: 0 | CU39: 0 | DA39: 0 | DE39: 0 | DI39: 0 | DL39: 0 | DP39: 0 | DS39: 0 | DT39: 0
... A47: Suma de Fosa | E47: 0 | H47: 0 | J47: 0 | L47: 0 | P47: 0 | T47: 0 | Y47: 0 | AD47: 0 | AH47: 0 | AK47: 0 | AO47: 0 | AU47: 0 | AY47: 0 | BD47: 0 | BH47: 0 | BL47: 0 | BO47: 0 | BS47: 0 | BY47: 0 | CC47: 0 | CG47: 0 | CK47: 0 | CO47: 0 | CR47: 0 | CU47: 0 | DA47: 0 | DE47: 0 | DI47: 0 | DL47: 0 | DP47: 0 | DS47: 0 | DT47: 0
A48: Hugo Troncoso
A49: Suma de Despacho / Retiro | C49: 32 | G49: 36 | I49: 0 | K49: 0 | M49: 5 | R49: 29 | V49: 42 | AA49: 26 | AF49: 26 | AK49: 0 | AO49: 0 | AS49: 0 | AW49: 45 | AZ49: 0 | BF49: 37 | BI49: 36 | BM49: 0 | BQ49: 0 | BW49: 0 | CA49: 16 | CE49: 36 | CH49: 0 | CM49: 0 | CR49: 0 | CU49: 0 | CX49: 12 | DC49: 33 | DF49: 0 | DJ49: 20 | DN49: 22 | DQ49: 0 | DT49: 453
A50: Suma de Entrada < 19:30 | C50: 0 | G50: 0 | I50: 0 | K50: 0 | M50: 0 | R50: 0 | V50: 0 | AA50: 0 | AF50: 0 | AK50: 0 | AO50: 0 | AS50: 0 | AW50: 0 | AZ50: 0 | BF50: 0 | BI50: 0 | BM50: 0 | BQ50: 0 | BW50: 0 | CA50: 0 | CE50: 0 | CH50: 0 | CM50: 0 | CR50: 0 | CU50: 0 | CX50: 0 | DC50: 0 | DF50: 0 | DJ50: 0 | DN50: 0 | DQ50: 0 | DT50: 0
A51: Suma de Salida > 19:30 | C51: 0 | G51: 0 | I51: 0 | K51: 0 | M51: 0 | R51: 0 | V51: 0 | AA51: 0 | AF51: 0 | AK51: 0 | AO51: 0 | AS51: 0 | AW51: 0 | AZ51: 0 | BF51: 1 | BI51: 0 | BM51: 0 | BQ51: 0 | BW51: 0 | CA51: 0 | CE51: 0 | CH51: 0 | CM51: 0 | CR51: 0 | CU51: 0 | CX51: 0 | DC51: 0 | DF51: 0 | DJ51: 0 | DN51: 0 | DQ51: 0 | DT51: 1
A52: Suma de Feria Semana 01 | C52: 1 | G52: 2 | I52: 0 | K52: 0 | M52: 0 | R52: 0 | V52: 1 | AA52: 0 | AF52: 0 | AK52: 0 | AO52: 0 | AS52: 0 | AW52: 1 | AZ52: 0 | BF52: 1 | BI52: 1 | BM52: 0 | BQ52: 0 | BW52: 0 | CA52: 1 | CE52: 1 | CH52: 0 | CM52: 0 | CR52: 0 | CU52: 0 | CX52: 0 | DC52: 1 | DF52: 0 | DJ52: 1 | DN52: 1 | DQ52: 0 | DT52: 12
A53: Suma de Feria Semana 02 | C53: 0 | G53: 0 | I53: 0 | K53: 0 | M53: 0 | R53: 1 | V53: 0 | AA53: 1 | AF53: 1 | AK53: 0 | AO53: 0 | AS53: 0 | AW53: 0 | AZ53: 0 | BF53: 0 | BI53: 0 | BM53: 0 | BQ53: 0 | BW53: 0 | CA53: 0 | CE53: 0 | CH53: 0 | CM53: 0 | CR53: 0 | CU53: 0 | CX53: 0 | DC53: 0 | DF53: 0 | DJ53: 0 | DN53: 0 | DQ53: 0 | DT53: 3
A54: Suma de Fuera Radio Normal | C54: 0 | G54: 0 | I54: 0 | K54: 1 | M54: 1 | R54: 1 | V54: 0 | AA54: 1 | AF54: 0 | AK54: 0 | AO54: 0 | AS54: 0 | AW54: 1 | AZ54: 0 | BF54: 0 | BI54: 0 | BM54: 0 | BQ54: 0 | BW54: 0 | CA54: 0 | CE54: 0 | CH54: 0 | CM54: 0 | CR54: 0 | CU54: 0 | CX54: 1 | DC54: 0 | DF54: 0 | DJ54: 0 | DN54: 0 | DQ54: 0 | DT54: 6
A55: Suma de Fuera Radio V Región | C55: 0 | G55: 0 | I55: 0 | K55: 0 | M55: 0 | R55: 0 | V55: 0 | AA55: 0 | AF55: 0 | AK55: 0 | AO55: 0 | AS55: 0 | AW55: 0 | AZ55: 0 | BF55: 0 | BI55: 0 | BM55: 0 | BQ55: 0 | BW55: 0 | CA55: 1 | CE55: 0 | CH55: 0 | CM55: 0 | CR55: 0 | CU55: 0 | CX55: 0 | DC55: 0 | DF55: 0 | DJ55: 0 | DN55: 0 | DQ55: 0 | DT55: 1
A56: Suma de Sabado | C56: 0 | G56: 0 | I56: 1 | K56: 0 | M56: 0 | R56: 0 | V56: 0 | AA56: 0 | AF56: 0 | AK56: 0 | AO56: 0 | AS56: 0 | AW56: 0 | AZ56: 0 | BF56: 0 | BI56: 0 | BM56: 1 | BQ56: 0 | BW56: 0 | CA56: 0 | CE56: 0 | CH56: 0 | CM56: 0 | CR56: 0 | CU56: 0 | CX56: 0 | DC56: 0 | DF56: 0 | DJ56: 0 | DN56: 0 | DQ56: 1 | DT56: 3
A57: Suma de Aux Sabado Semana 02 | C57: 0 | G57: 0 | I57: 1 | K57: 0 | M57: 0 | R57: 0 | V57: 0 | AA57: 0 | AF57: 0 | AK57: 0 | AO57: 0 | AS57: 0 | AW57: 0 | AZ57: 0 | BF57: 0 | BI57: 0 | BM57: 0 | BQ57: 0 | BW57: 0 | CA57: 0 | CE57: 0 | CH57: 0 | CM57: 0 | CR57: 0 | CU57: 0 | CX57: 0 | DC57: 0 | DF57: 0 | DJ57: 0 | DN57: 0 | DQ57: 0 | DT57: 1
A58: Suma de Domingo | C58: 0 | G58: 0 | I58: 0 | K58: 1 | M58: 0 | R58: 0 | V58: 0 | AA58: 0 | AF58: 0 | AK58: 0 | AO58: 0 | AS58: 0 | AW58: 0 | AZ58: 0 | BF58: 0 | BI58: 0 | BM58: 0 | BQ58: 1 | BW58: 0 | CA58: 0 | CE58: 0 | CH58: 0 | CM58: 0 | CR58: 0 | CU58: 0 | CX58: 0 | DC58: 0 | DF58: 0 | DJ58: 0 | DN58: 0 | DQ58: 0 | DT58: 2
A59: Suma de Aux Domingo Semana 02 | C59: 0 | G59: 0 | I59: 0 | K59: 0 | M59: 0 | R59: 0 | V59: 0 | AA59: 0 | AF59: 0 | AK59: 0 | AO59: 0 | AS59: 0 | AW59: 0 | AZ59: 0 | BF59: 0 | BI59: 0 | BM59: 0 | BQ59: 0 | BW59: 0 | CA59: 0 | CE59: 0 | CH59: 0 | CM59: 0 | CR59: 0 | CU59: 0 | CX59: 0 | DC59: 0 | DF59: 0 | DJ59: 0 | DN59: 0 | DQ59: 0 | DT59: 0
A60: Suma de Viajes Por Cliente | C60: 2 | G60: 0 | I60: 6 | K60: 1 | M60: 0 | R60: 0 | V60: 0 | AA60: 0 | AF60: 0 | AK60: 0 | AO60: 0 | AS60: 0 | AW60: 0 | AZ60: 0 | BF60: 0 | BI60: 0 | BM60: 0 | BQ60: 6 | BW60: 0 | CA60: 0 | CE60: 0 | CH60: 0 | CM60: 0 | CR60: 0 | CU60: 0 | CX60: 0 | DC60: 0 | DF60: 0 | DJ60: 1 | DN60: 0 | DQ60: 3 | DT60: 19
... A68: Suma de Fosa | C68: 0 | G68: 0 | I68: 0 | K68: 0 | M68: 0 | R68: 0 | V68: 0 | AA68: 0 | AF68: 0 | AK68: 0 | AO68: 0 | AS68: 0 | AW68: 0 | AZ68: 0 | BF68: 0 | BI68: 0 | BM68: 0 | BQ68: 0 | BW68: 0 | CA68: 0 | CE68: 0 | CH68: 0 | CM68: 0 | CR68: 0 | CU68: 0 | CX68: 0 | DC68: 0 | DF68: 0 | DJ68: 0 | DN68: 0 | DQ68: 0 | DT68: 0
A69: Jeremias Cerda
A70: Suma de Despacho / Retiro | C70: 36 | G70: 0 | J70: 0 | L70: 0 | M70: 11 | R70: 28 | U70: 0 | AA70: 40 | AF70: 28 | AI70: 0 | AM70: 0 | AR70: 0 | AW70: 28 | BB70: 0 | BF70: 2 | BJ70: 0 | BO70: 0 | BS70: 0 | BV70: 6 | CA70: 20 | CD70: 0 | CI70: 22 | CY70: 0 | DC70: 20 | DG70: 34 | DJ70: 22 | DN70: 28 | DS70: 0 | DT70: 325
A71: Suma de Entrada < 19:30 | C71: 0 | G71: 0 | J71: 0 | L71: 0 | M71: 0 | R71: 0 | U71: 0 | AA71: 0 | AF71: 0 | AI71: 0 | AM71: 0 | AR71: 0 | AW71: 0 | BB71: 0 | BF71: 0 | BJ71: 0 | BO71: 0 | BS71: 0 | BV71: 0 | CA71: 0 | CD71: 0 | CI71: 0 | CY71: 0 | DC71: 0 | DG71: 0 | DJ71: 0 | DN71: 0 | DS71: 0 | DT71: 0
A72: Suma de Salida > 19:30 | C72: 0 | G72: 0 | J72: 0 | L72: 0 | M72: 0 | R72: 0 | U72: 0 | AA72: 0 | AF72: 0 | AI72: 0 | AM72: 0 | AR72: 0 | AW72: 0 | BB72: 0 | BF72: 0 | BJ72: 0 | BO72: 0 | BS72: 0 | BV72: 0 | CA72: 0 | CD72: 0 | CI72: 0 | CY72: 0 | DC72: 0 | DG72: 0 | DJ72: 0 | DN72: 0 | DS72: 0 | DT72: 0
A73: Suma de Feria Semana 01 | C73: 1 | G73: 0 | J73: 0 | L73: 0 | M73: 0 | R73: 1 | U73: 0 | AA73: 1 | AF73: 1 | AI73: 0 | AM73: 0 | AR73: 0 | AW73: 1 | BB73: 0 | BF73: 0 | BJ73: 0 | BO73: 0 | BS73: 0 | BV73: 0 | CA73: 0 | CD73: 0 | CI73: 0 | CY73: 0 | DC73: 0 | DG73: 1 | DJ73: 0 | DN73: 1 | DS73: 0 | DT73: 7
A74: Suma de Feria Semana 02 | C74: 0 | G74: 0 | J74: 0 | L74: 0 | M74: 0 | R74: 0 | U74: 0 | AA74: 0 | AF74: 0 | AI74: 0 | AM74: 0 | AR74: 0 | AW74: 0 | BB74: 0 | BF74: 0 | BJ74: 0 | BO74: 0 | BS74: 0 | BV74: 0 | CA74: 1 | CD74: 0 | CI74: 1 | CY74: 0 | DC74: 1 | DG74: 0 | DJ74: 1 | DN74: 0 | DS74: 0 | DT74: 4
A75: Suma de Fuera Radio Normal | C75: 0 | G75: 2 | J75: 0 | L75: 0 | M75: 0 | R75: 0 | U75: 0 | AA75: 0 | AF75: 0 | AI75: 0 | AM75: 0 | AR75: 0 | AW75: 0 | BB75: 0 | BF75: 0 | BJ75: 0 | BO75: 0 | BS75: 0 | BV75: 1 | CA75: 0 | CD75: 0 | CI75: 0 | CY75: 0 | DC75: 0 | DG75: 0 | DJ75: 0 | DN75: 0 | DS75: 0 | DT75: 3
A76: Suma de Fuera Radio V Región | C76: 0 | G76: 0 | J76: 0 | L76: 0 | M76: 0 | R76: 0 | U76: 0 | AA76: 0 | AF76: 0 | AI76: 0 | AM76: 0 | AR76: 0 | AW76: 0 | BB76: 0 | BF76: 0 | BJ76: 0 | BO76: 0 | BS76: 0 | BV76: 0 | CA76: 1 | CD76: 0 | CI76: 1 | CY76: 0 | DC76: 0 | DG76: 0 | DJ76: 0 | DN76: 0 | DS76: 0 | DT76: 2
A77: Suma de Sabado | C77: 0 | G77: 0 | J77: 0 | L77: 0 | M77: 0 | R77: 0 | U77: 0 | AA77: 0 | AF77: 0 | AI77: 1 | AM77: 0 | AR77: 0 | AW77: 0 | BB77: 0 | BF77: 0 | BJ77: 0 | BO77: 0 | BS77: 0 | BV77: 0 | CA77: 0 | CD77: 0 | CI77: 0 | CY77: 0 | DC77: 0 | DG77: 0 | DJ77: 0 | DN77: 0 | DS77: 0 | DT77: 1
A78: Suma de Aux Sabado Semana 02 | C78: 0 | G78: 0 | J78: 0 | L78: 0 | M78: 0 | R78: 0 | U78: 0 | AA78: 0 | AF78: 0 | AI78: 0 | AM78: 0 | AR78: 0 | AW78: 0 | BB78: 0 | BF78: 0 | BJ78: 0 | BO78: 0 | BS78: 0 | BV78: 0 | CA78: 0 | CD78: 0 | CI78: 0 | CY78: 0 | DC78: 0 | DG78: 0 | DJ78: 0 | DN78: 0 | DS78: 0 | DT78: 0
A79: Suma de Domingo | C79: 0 | G79: 0 | J79: 0 | L79: 0 | M79: 0 | R79: 0 | U79: 0 | AA79: 0 | AF79: 0 | AI79: 0 | AM79: 1 | AR79: 0 | AW79: 0 | BB79: 0 | BF79: 0 | BJ79: 0 | BO79: 0 | BS79: 0 | BV79: 0 | CA79: 0 | CD79: 0 | CI79: 0 | CY79: 0 | DC79: 0 | DG79: 0 | DJ79: 0 | DN79: 0 | DS79: 0 | DT79: 1
A80: Suma de Aux Domingo Semana 02 | C80: 0 | G80: 0 | J80: 0 | L80: 0 | M80: 0 | R80: 0 | U80: 0 | AA80: 0 | AF80: 0 | AI80: 0 | AM80: 0 | AR80: 0 | AW80: 0 | BB80: 0 | BF80: 0 | BJ80: 0 | BO80: 0 | BS80: 0 | BV80: 0 | CA80: 0 | CD80: 0 | CI80: 0 | CY80: 0 | DC80: 0 | DG80: 0 | DJ80: 0 | DN80: 0 | DS80: 0 | DT80: 0
A81: Suma de Viajes Por Cliente | C81: 0 | G81: 0 | J81: 0 | L81: 0 | M81: 0 | R81: 0 | U81: 0 | AA81: 0 | AF81: 0 | AI81: 0 | AM81: 3 | AR81: 0 | AW81: 0 | BB81: 0 | BF81: 0 | BJ81: 0 | BO81: 0 | BS81: 0 | BV81: 0 | CA81: 0 | CD81: 0 | CI81: 0 | CY81: 0 | DC81: 0 | DG81: 0 | DJ81: 0 | DN81: 2 | DS81: 0 | DT81: 5
... A89: Suma de Fosa | C89: 0 | G89: 0 | J89: 0 | L89: 0 | M89: 0 | R89: 0 | U89: 0 | AA89: 0 | AF89: 0 | AI89: 0 | AM89: 0 | AR89: 0 | AW89: 0 | BB89: 0 | BF89: 0 | BJ89: 0 | BO89: 0 | BS89: 0 | BV89: 0 | CA89: 0 | CD89: 0 | CI89: 0 | CY89: 0 | DC89: 0 | DG89: 0 | DJ89: 0 | DN89: 0 | DS89: 0 | DT89: 0
A90: Michael Suarez
A91: Suma de Despacho / Retiro | D91: 0 | G91: 0 | J91: 0 | L91: 0 | M91: 12 | Q91: 0 | V91: 54 | AA91: 36 | AF91: 36 | AI91: 0 | AM91: 0 | AR91: 0 | AW91: 20 | BB91: 0 | BF91: 35 | BJ91: 0 | BO91: 0 | BS91: 0 | BV91: 7 | CA91: 28 | CE91: 28 | CI91: 32 | CL91: 31 | CR91: 0 | CU91: 0 | CZ91: 0 | DD91: 0 | DH91: 0 | DK91: 0 | DO91: 0 | DR91: 0 | DT91: 319
A92: Suma de Entrada < 19:30 | D92: 0 | G92: 0 | J92: 0 | L92: 0 | M92: 0 | Q92: 0 | V92: 0 | AA92: 0 | AF92: 0 | AI92: 0 | AM92: 0 | AR92: 0 | AW92: 0 | BB92: 0 | BF92: 0 | BJ92: 0 | BO92: 0 | BS92: 0 | BV92: 0 | CA92: 0 | CE92: 0 | CI92: 0 | CL92: 0 | CR92: 0 | CU92: 0 | CZ92: 0 | DD92: 0 | DH92: 0 | DK92: 0 | DO92: 0 | DR92: 0 | DT92: 0
A93: Suma de Salida > 19:30 | D93: 0 | G93: 0 | J93: 0 | L93: 0 | M93: 0 | Q93: 0 | V93: 0 | AA93: 0 | AF93: 0 | AI93: 0 | AM93: 0 | AR93: 0 | AW93: 0 | BB93: 0 | BF93: 1 | BJ93: 0 | BO93: 0 | BS93: 0 | BV93: 0 | CA93: 0 | CE93: 0 | CI93: 0 | CL93: 0 | CR93: 0 | CU93: 0 | CZ93: 0 | DD93: 0 | DH93: 0 | DK93: 0 | DO93: 0 | DR93: 0 | DT93: 1
A94: Suma de Feria Semana 01 | D94: 0 | G94: 0 | J94: 0 | L94: 0 | M94: 0 | Q94: 0 | V94: 1 | AA94: 1 | AF94: 1 | AI94: 0 | AM94: 0 | AR94: 0 | AW94: 0 | BB94: 0 | BF94: 1 | BJ94: 0 | BO94: 0 | BS94: 0 | BV94: 0 | CA94: 1 | CE94: 1 | CI94: 1 | CL94: 1 | CR94: 0 | CU94: 0 | CZ94: 0 | DD94: 0 | DH94: 0 | DK94: 0 | DO94: 0 | DR94: 0 | DT94: 8
A95: Suma de Feria Semana 02 | D95: 0 | G95: 0 | J95: 0 | L95: 0 | M95: 0 | Q95: 0 | V95: 0 | AA95: 0 | AF95: 0 | AI95: 0 | AM95: 0 | AR95: 0 | AW95: 1 | BB95: 0 | BF95: 0 | BJ95: 0 | BO95: 0 | BS95: 0 | BV95: 0 | CA95: 0 | CE95: 0 | CI95: 0 | CL95: 0 | CR95: 0 | CU95: 0 | CZ95: 0 | DD95: 0 | DH95: 0 | DK95: 0 | DO95: 0 | DR95: 0 | DT95: 1
A96: Suma de Fuera Radio Normal | D96: 0 | G96: 2 | J96: 0 | L96: 0 | M96: 0 | Q96: 0 | V96: 1 | AA96: 0 | AF96: 0 | AI96: 0 | AM96: 0 | AR96: 0 | AW96: 0 | BB96: 0 | BF96: 0 | BJ96: 0 | BO96: 0 | BS96: 0 | BV96: 0 | CA96: 0 | CE96: 0 | CI96: 0 | CL96: 0 | CR96: 0 | CU96: 0 | CZ96: 0 | DD96: 0 | DH96: 0 | DK96: 0 | DO96: 0 | DR96: 0 | DT96: 3
A97: Suma de Fuera Radio V Región | D97: 0 | G97: 0 | J97: 0 | L97: 0 | M97: 0 | Q97: 0 | V97: 0 | AA97: 0 | AF97: 0 | AI97: 0 | AM97: 0 | AR97: 0 | AW97: 0 | BB97: 0 | BF97: 0 | BJ97: 0 | BO97: 0 | BS97: 0 | BV97: 0 | CA97: 1 | CE97: 0 | CI97: 1 | CL97: 0 | CR97: 0 | CU97: 0 | CZ97: 0 | DD97: 0 | DH97: 0 | DK97: 0 | DO97: 0 | DR97: 0 | DT97: 2
A98: Suma de Sabado | D98: 0 | G98: 0 | J98: 0 | L98: 0 | M98: 0 | Q98: 0 | V98: 0 | AA98: 0 | AF98: 0 | AI98: 1 | AM98: 0 | AR98: 0 | AW98: 0 | BB98: 0 | BF98: 0 | BJ98: 0 | BO98: 0 | BS98: 0 | BV98: 0 | CA98: 0 | CE98: 0 | CI98: 0 | CL98: 0 | CR98: 0 | CU98: 0 | CZ98: 0 | DD98: 0 | DH98: 0 | DK98: 0 | DO98: 0 | DR98: 0 | DT98: 1
A99: Suma de Aux Sabado Semana 02 | D99: 0 | G99: 0 | J99: 0 | L99: 0 | M99: 0 | Q99: 0 | V99: 0 | AA99: 0 | AF99: 0 | AI99: 0 | AM99: 0 | AR99: 0 | AW99: 0 | BB99: 0 | BF99: 0 | BJ99: 0 | BO99: 0 | BS99: 0 | BV99: 0 | CA99: 0 | CE99: 0 | CI99: 0 | CL99: 0 | CR99: 0 | CU99: 0 | CZ99: 0 | DD99: 0 | DH99: 0 | DK99: 0 | DO99: 0 | DR99: 0 | DT99: 0
A100: Suma de Domingo | D100: 0 | G100: 0 | J100: 0 | L100: 0 | M100: 0 | Q100: 0 | V100: 0 | AA100: 0 | AF100: 0 | AI100: 0 | AM100: 1 | AR100: 0 | AW100: 0 | BB100: 0 | BF100: 0 | BJ100: 0 | BO100: 0 | BS100: 0 | BV100: 0 | CA100: 0 | CE100: 0 | CI100: 0 | CL100: 0 | CR100: 0 | CU100: 0 | CZ100: 0 | DD100: 0 | DH100: 0 | DK100: 0 | DO100: 0 | DR100: 0 | DT100: 1
A101: Suma de Aux Domingo Semana 02 | D101: 0 | G101: 0 | J101: 0 | L101: 0 | M101: 0 | Q101: 0 | V101: 0 | AA101: 0 | AF101: 0 | AI101: 0 | AM101: 0 | AR101: 0 | AW101: 0 | BB101: 0 | BF101: 0 | BJ101: 0 | BO101: 0 | BS101: 0 | BV101: 0 | CA101: 0 | CE101: 0 | CI101: 0 | CL101: 0 | CR101: 0 | CU101: 0 | CZ101: 0 | DD101: 0 | DH101: 0 | DK101: 0 | DO101: 0 | DR101: 0 | DT101: 0
A102: Suma de Viajes Por Cliente | D102: 0 | G102: 0 | J102: 0 | L102: 0 | M102: 0 | Q102: 0 | V102: 0 | AA102: 0 | AF102: 0 | AI102: 0 | AM102: 3 | AR102: 0 | AW102: 0 | BB102: 0 | BF102: 0 | BJ102: 0 | BO102: 0 | BS102: 0 | BV102: 0 | CA102: 0 | CE102: 0 | CI102: 0 | CL102: 0 | CR102: 0 | CU102: 0 | CZ102: 0 | DD102: 0 | DH102: 0 | DK102: 0 | DO102: 0 | DR102: 0 | DT102: 3
... A110: Suma de Fosa | D110: 0 | G110: 0 | J110: 0 | L110: 0 | M110: 0 | Q110: 0 | V110: 0 | AA110: 0 | AF110: 0 | AI110: 0 | AM110: 0 | AR110: 0 | AW110: 0 | BB110: 0 | BF110: 0 | BJ110: 0 | BO110: 0 | BS110: 0 | BV110: 0 | CA110: 0 | CE110: 0 | CI110: 0 | CL110: 0 | CR110: 0 | CU110: 0 | CZ110: 0 | DD110: 0 | DH110: 0 | DK110: 0 | DO110: 0 | DR110: 0 | DT110: 0
A111: N/A
A112: Suma de Despacho / Retiro | D112: 0 | F112: 0 | G112: 32 | J112: 0 | L112: 0 | M112: 0 | O112: 0 | P112: 0 | S112: 0 | T112: 0 | V112: 42 | X112: 0 | Y112: 0 | Z112: 0 | AC112: 0 | AD112: 0 | AG112: 0 | AH112: 0 | AJ112: 0 | AK112: 0 | AL112: 0 | AN112: 0 | AO112: 0 | AP112: 0 | AS112: 0 | AT112: 0 | AU112: 0 | AX112: 0 | AY112: 0 | BA112: 28 | BC112: 0 | BD112: 0 | BG112: 0 | BH112: 0 | BI112: 26 | BK112: 0 | BL112: 0 | BN112: 0 | BP112: 0 | BR112: 0 | BT112: 0 | BU112: 0 | BX112: 0 | BY112: 0 | BZ112: 0 | CB112: 0 | CC112: 0 | CF112: 0 | CG112: 0 | CJ112: 0 | CK112: 0 | CN112: 0 | CO112: 0 | CP112: 0 | CR112: 0 | CS112: 0 | CU112: 0 | CV112: 0 | DA112: 0 | DB112: 0 | DE112: 0 | DI112: 0 | DL112: 0 | DP112: 0 | DQ112: 0 | DT112: 128
A113: Suma de Entrada < 19:30 | D113: 0 | F113: 0 | G113: 0 | J113: 0 | L113: 0 | M113: 0 | O113: 0 | P113: 0 | S113: 0 | T113: 0 | V113: 0 | X113: 0 | Y113: 0 | Z113: 0 | AC113: 0 | AD113: 0 | AG113: 0 | AH113: 0 | AJ113: 0 | AK113: 0 | AL113: 0 | AN113: 0 | AO113: 0 | AP113: 0 | AS113: 0 | AT113: 0 | AU113: 0 | AX113: 0 | AY113: 0 | BA113: 0 | BC113: 0 | BD113: 0 | BG113: 0 | BH113: 0 | BI113: 0 | BK113: 0 | BL113: 0 | BN113: 0 | BP113: 0 | BR113: 0 | BT113: 0 | BU113: 0 | BX113: 0 | BY113: 0 | BZ113: 0 | CB113: 0 | CC113: 0 | CF113: 0 | CG113: 0 | CJ113: 0 | CK113: 0 | CN113: 0 | CO113: 0 | CP113: 0 | CR113: 0 | CS113: 0 | CU113: 0 | CV113: 0 | DA113: 0 | DB113: 0 | DE113: 0 | DI113: 0 | DL113: 0 | DP113: 0 | DQ113: 0 | DT113: 0
A114: Suma de Salida > 19:30 | D114: 0 | F114: 0 | G114: 0 | J114: 0 | L114: 0 | M114: 0 | O114: 0 | P114: 0 | S114: 0 | T114: 0 | V114: 0 | X114: 0 | Y114: 0 | Z114: 0 | AC114: 0 | AD114: 0 | AG114: 0 | AH114: 0 | AJ114: 0 | AK114: 0 | AL114: 0 | AN114: 0 | AO114: 0 | AP114: 0 | AS114: 0 | AT114: 0 | AU114: 0 | AX114: 0 | AY114: 0 | BA114: 0 | BC114: 0 | BD114: 0 | BG114: 0 | BH114: 0 | BI114: 0 | BK114: 0 | BL114: 0 | BN114: 0 | BP114: 0 | BR114: 0 | BT114: 0 | BU114: 0 | BX114: 0 | BY114: 0 | BZ114: 0 | CB114: 0 | CC114: 0 | CF114: 0 | CG114: 0 | CJ114: 0 | CK114: 0 | CN114: 0 | CO114: 0 | CP114: 0 | CR114: 0 | CS114: 0 | CU114: 0 | CV114: 0 | DA114: 0 | DB114: 0 | DE114: 0 | DI114: 0 | DL114: 0 | DP114: 0 | DQ114: 0 | DT114: 0
A115: Suma de Feria Semana 01 | D115: 0 | F115: 0 | G115: 2 | J115: 0 | L115: 0 | M115: 0 | O115: 0 | P115: 0 | S115: 0 | T115: 0 | V115: 1 | X115: 0 | Y115: 0 | Z115: 0 | AC115: 0 | AD115: 0 | AG115: 0 | AH115: 0 | AJ115: 0 | AK115: 0 | AL115: 0 | AN115: 0 | AO115: 0 | AP115: 0 | AS115: 0 | AT115: 0 | AU115: 0 | AX115: 0 | AY115: 0 | BA115: 1 | BC115: 0 | BD115: 0 | BG115: 0 | BH115: 0 | BI115: 0 | BK115: 0 | BL115: 0 | BN115: 0 | BP115: 0 | BR115: 0 | BT115: 0 | BU115: 0 | BX115: 0 | BY115: 0 | BZ115: 0 | CB115: 0 | CC115: 0 | CF115: 0 | CG115: 0 | CJ115: 0 | CK115: 0 | CN115: 0 | CO115: 0 | CP115: 0 | CR115: 0 | CS115: 0 | CU115: 0 | CV115: 0 | DA115: 0 | DB115: 0 | DE115: 0 | DI115: 0 | DL115: 0 | DP115: 0 | DQ115: 0 | DT115: 4
A116: Suma de Feria Semana 02 | D116: 0 | F116: 0 | G116: 0 | J116: 0 | L116: 0 | M116: 0 | O116: 0 | P116: 0 | S116: 0 | T116: 0 | V116: 0 | X116: 0 | Y116: 0 | Z116: 0 | AC116: 0 | AD116: 0 | AG116: 0 | AH116: 0 | AJ116: 0 | AK116: 0 | AL116: 0 | AN116: 0 | AO116: 0 | AP116: 0 | AS116: 0 | AT116: 0 | AU116: 0 | AX116: 0 | AY116: 0 | BA116: 0 | BC116: 0 | BD116: 0 | BG116: 0 | BH116: 0 | BI116: 1 | BK116: 0 | BL116: 0 | BN116: 0 | BP116: 0 | BR116: 0 | BT116: 0 | BU116: 0 | BX116: 0 | BY116: 0 | BZ116: 0 | CB116: 0 | CC116: 0 | CF116: 0 | CG116: 0 | CJ116: 0 | CK116: 0 | CN116: 0 | CO116: 0 | CP116: 0 | CR116: 0 | CS116: 0 | CU116: 0 | CV116: 0 | DA116: 0 | DB116: 0 | DE116: 0 | DI116: 0 | DL116: 0 | DP116: 0 | DQ116: 0 | DT116: 1
A117: Suma de Fuera Radio Normal | D117: 0 | F117: 0 | G117: 0 | J117: 0 | L117: 0 | M117: 0 | O117: 0 | P117: 0 | S117: 0 | T117: 0 | V117: 0 | X117: 0 | Y117: 0 | Z117: 0 | AC117: 0 | AD117: 0 | AG117: 0 | AH117: 0 | AJ117: 0 | AK117: 0 | AL117: 0 | AN117: 0 | AO117: 0 | AP117: 0 | AS117: 0 | AT117: 0 | AU117: 0 | AX117: 0 | AY117: 0 | BA117: 0 | BC117: 0 | BD117: 0 | BG117: 0 | BH117: 0 | BI117: 0 | BK117: 0 | BL117: 0 | BN117: 0 | BP117: 0 | BR117: 0 | BT117: 0 | BU117: 0 | BX117: 0 | BY117: 0 | BZ117: 0 | CB117: 0 | CC117: 0 | CF117: 0 | CG117: 0 | CJ117: 0 | CK117: 0 | CN117: 0 | CO117: 0 | CP117: 0 | CR117: 0 | CS117: 0 | CU117: 0 | CV117: 0 | DA117: 0 | DB117: 0 | DE117: 0 | DI117: 0 | DL117: 0 | DP117: 0 | DQ117: 0 | DT117: 0
A118: Suma de Fuera Radio V Región | D118: 0 | F118: 0 | G118: 0 | J118: 0 | L118: 0 | M118: 0 | O118: 0 | P118: 0 | S118: 0 | T118: 0 | V118: 0 | X118: 0 | Y118: 0 | Z118: 0 | AC118: 0 | AD118: 0 | AG118: 0 | AH118: 0 | AJ118: 0 | AK118: 0 | AL118: 0 | AN118: 0 | AO118: 0 | AP118: 0 | AS118: 0 | AT118: 0 | AU118: 0 | AX118: 0 | AY118: 0 | BA118: 0 | BC118: 0 | BD118: 0 | BG118: 0 | BH118: 0 | BI118: 0 | BK118: 0 | BL118: 0 | BN118: 0 | BP118: 0 | BR118: 0 | BT118: 0 | BU118: 0 | BX118: 0 | BY118: 0 | BZ118: 0 | CB118: 0 | CC118: 0 | CF118: 0 | CG118: 0 | CJ118: 0 | CK118: 0 | CN118: 0 | CO118: 0 | CP118: 0 | CR118: 0 | CS118: 0 | CU118: 0 | CV118: 0 | DA118: 0 | DB118: 0 | DE118: 0 | DI118: 0 | DL118: 0 | DP118: 0 | DQ118: 0 | DT118: 0
A119: Suma de Sabado | D119: 0 | F119: 0 | G119: 0 | J119: 0 | L119: 0 | M119: 0 | O119: 0 | P119: 0 | S119: 0 | T119: 0 | V119: 0 | X119: 0 | Y119: 0 | Z119: 0 | AC119: 0 | AD119: 0 | AG119: 0 | AH119: 0 | AJ119: 0 | AK119: 0 | AL119: 0 | AN119: 0 | AO119: 0 | AP119: 0 | AS119: 0 | AT119: 0 | AU119: 0 | AX119: 0 | AY119: 0 | BA119: 0 | BC119: 0 | BD119: 0 | BG119: 0 | BH119: 0 | BI119: 0 | BK119: 0 | BL119: 0 | BN119: 0 | BP119: 0 | BR119: 0 | BT119: 0 | BU119: 0 | BX119: 0 | BY119: 0 | BZ119: 0 | CB119: 0 | CC119: 0 | CF119: 0 | CG119: 0 | CJ119: 0 | CK119: 0 | CN119: 0 | CO119: 0 | CP119: 0 | CR119: 0 | CS119: 0 | CU119: 0 | CV119: 0 | DA119: 0 | DB119: 0 | DE119: 0 | DI119: 0 | DL119: 0 | DP119: 0 | DQ119: 2 | DT119: 2
A120: Suma de Aux Sabado Semana 02 | D120: 0 | F120: 0 | G120: 0 | J120: 0 | L120: 0 | M120: 0 | O120: 0 | P120: 0 | S120: 0 | T120: 0 | V120: 0 | X120: 0 | Y120: 0 | Z120: 0 | AC120: 0 | AD120: 0 | AG120: 0 | AH120: 0 | AJ120: 0 | AK120: 0 | AL120: 0 | AN120: 0 | AO120: 0 | AP120: 0 | AS120: 0 | AT120: 0 | AU120: 0 | AX120: 0 | AY120: 0 | BA120: 0 | BC120: 0 | BD120: 0 | BG120: 0 | BH120: 0 | BI120: 0 | BK120: 0 | BL120: 0 | BN120: 0 | BP120: 0 | BR120: 0 | BT120: 0 | BU120: 0 | BX120: 0 | BY120: 0 | BZ120: 0 | CB120: 0 | CC120: 0 | CF120: 0 | CG120: 0 | CJ120: 0 | CK120: 0 | CN120: 0 | CO120: 0 | CP120: 0 | CR120: 0 | CS120: 0 | CU120: 0 | CV120: 0 | DA120: 0 | DB120: 0 | DE120: 0 | DI120: 0 | DL120: 0 | DP120: 0 | DQ120: 0 | DT120: 0
A121: Suma de Domingo | D121: 0 | F121: 0 | G121: 0 | J121: 0 | L121: 0 | M121: 0 | O121: 0 | P121: 0 | S121: 0 | T121: 0 | V121: 0 | X121: 0 | Y121: 0 | Z121: 0 | AC121: 0 | AD121: 0 | AG121: 0 | AH121: 0 | AJ121: 0 | AK121: 0 | AL121: 0 | AN121: 0 | AO121: 0 | AP121: 0 | AS121: 0 | AT121: 0 | AU121: 0 | AX121: 0 | AY121: 0 | BA121: 0 | BC121: 0 | BD121: 0 | BG121: 0 | BH121: 0 | BI121: 0 | BK121: 0 | BL121: 0 | BN121: 0 | BP121: 0 | BR121: 0 | BT121: 0 | BU121: 0 | BX121: 0 | BY121: 0 | BZ121: 0 | CB121: 0 | CC121: 0 | CF121: 0 | CG121: 0 | CJ121: 0 | CK121: 0 | CN121: 0 | CO121: 0 | CP121: 0 | CR121: 0 | CS121: 0 | CU121: 0 | CV121: 0 | DA121: 0 | DB121: 0 | DE121: 0 | DI121: 0 | DL121: 0 | DP121: 0 | DQ121: 0 | DT121: 0
A122: Suma de Aux Domingo Semana 02 | D122: 0 | F122: 0 | G122: 0 | J122: 0 | L122: 0 | M122: 0 | O122: 0 | P122: 0 | S122: 0 | T122: 0 | V122: 0 | X122: 0 | Y122: 0 | Z122: 0 | AC122: 0 | AD122: 0 | AG122: 0 | AH122: 0 | AJ122: 0 | AK122: 0 | AL122: 0 | AN122: 0 | AO122: 0 | AP122: 0 | AS122: 0 | AT122: 0 | AU122: 0 | AX122: 0 | AY122: 0 | BA122: 0 | BC122: 0 | BD122: 0 | BG122: 0 | BH122: 0 | BI122: 0 | BK122: 0 | BL122: 0 | BN122: 0 | BP122: 0 | BR122: 0 | BT122: 0 | BU122: 0 | BX122: 0 | BY122: 0 | BZ122: 0 | CB122: 0 | CC122: 0 | CF122: 0 | CG122: 0 | CJ122: 0 | CK122: 0 | CN122: 0 | CO122: 0 | CP122: 0 | CR122: 0 | CS122: 0 | CU122: 0 | CV122: 0 | DA122: 0 | DB122: 0 | DE122: 0 | DI122: 0 | DL122: 0 | DP122: 0 | DQ122: 0 | DT122: 0
A123: Suma de Viajes Por Cliente | D123: 0 | F123: 0 | G123: 0 | J123: 0 | L123: 0 | M123: 5 | O123: 0 | P123: 0 | S123: 0 | T123: 0 | V123: 0 | X123: 0 | Y123: 0 | Z123: 0 | AC123: 0 | AD123: 0 | AG123: 0 | AH123: 0 | AJ123: 0 | AK123: 0 | AL123: 0 | AN123: 0 | AO123: 0 | AP123: 0 | AS123: 0 | AT123: 0 | AU123: 0 | AX123: 0 | AY123: 0 | BA123: 0 | BC123: 0 | BD123: 0 | BG123: 0 | BH123: 0 | BI123: 0 | BK123: 0 | BL123: 0 | BN123: 0 | BP123: 0 | BR123: 0 | BT123: 0 | BU123: 0 | BX123: 0 | BY123: 0 | BZ123: 0 | CB123: 0 | CC123: 0 | CF123: 0 | CG123: 0 | CJ123: 0 | CK123: 0 | CN123: 0 | CO123: 0 | CP123: 0 | CR123: 0 | CS123: 0 | CU123: 0 | CV123: 0 | DA123: 0 | DB123: 0 | DE123: 0 | DI123: 0 | DL123: 0 | DP123: 0 | DQ123: 0 | DT123: 5
... A131: Suma de Fosa | D131: 0 | F131: 0 | G131: 0 | J131: 0 | L131: 0 | M131: 0 | O131: 0 | P131: 0 | S131: 0 | T131: 0 | V131: 0 | X131: 0 | Y131: 0 | Z131: 0 | AC131: 0 | AD131: 0 | AG131: 0 | AH131: 0 | AJ131: 0 | AK131: 0 | AL131: 0 | AN131: 0 | AO131: 0 | AP131: 0 | AS131: 0 | AT131: 0 | AU131: 0 | AX131: 0 | AY131: 0 | BA131: 0 | BC131: 0 | BD131: 0 | BG131: 0 | BH131: 0 | BI131: 0 | BK131: 0 | BL131: 0 | BN131: 0 | BP131: 0 | BR131: 0 | BT131: 0 | BU131: 0 | BX131: 0 | BY131: 0 | BZ131: 0 | CB131: 0 | CC131: 0 | CF131: 0 | CG131: 0 | CJ131: 0 | CK131: 0 | CN131: 0 | CO131: 0 | CP131: 0 | CR131: 0 | CS131: 0 | CU131: 0 | CV131: 0 | DA131: 0 | DB131: 0 | DE131: 0 | DI131: 0 | DL131: 0 | DP131: 0 | DQ131: 0 | DT131: 0
A132: Wilmer Villa
A133: Suma de Despacho / Retiro | C133: 22 | G133: 52 | I133: 0 | K133: 0 | N133: 0 | Q133: 0 | V133: 30 | AA133: 26 | AF133: 16 | AI133: 0 | AM133: 0 | AQ133: 0 | AV133: 0 | BA133: 47 | BF133: 40 | BI133: 28 | BM133: 0 | BQ133: 0 | BW133: 0 | CA133: 0 | CE133: 39 | CI133: 10 | CL133: 0 | CR133: 0 | CU133: 0 | CZ133: 0 | DD133: 0 | DH133: 0 | DK133: 0 | DO133: 0 | DR133: 0 | DT133: 310
A134: Suma de Entrada < 19:30 | C134: 0 | G134: 0 | I134: 0 | K134: 0 | N134: 0 | Q134: 0 | V134: 0 | AA134: 0 | AF134: 0 | AI134: 0 | AM134: 0 | AQ134: 0 | AV134: 0 | BA134: 0 | BF134: 0 | BI134: 0 | BM134: 0 | BQ134: 0 | BW134: 0 | CA134: 0 | CE134: 0 | CI134: 0 | CL134: 0 | CR134: 0 | CU134: 0 | CZ134: 0 | DD134: 0 | DH134: 0 | DK134: 0 | DO134: 0 | DR134: 0 | DT134: 0
A135: Suma de Salida > 19:30 | C135: 0 | G135: 0 | I135: 0 | K135: 0 | N135: 0 | Q135: 0 | V135: 0 | AA135: 0 | AF135: 0 | AI135: 0 | AM135: 0 | AQ135: 0 | AV135: 0 | BA135: 0 | BF135: 1 | BI135: 0 | BM135: 0 | BQ135: 0 | BW135: 0 | CA135: 0 | CE135: 0 | CI135: 0 | CL135: 0 | CR135: 0 | CU135: 0 | CZ135: 0 | DD135: 0 | DH135: 0 | DK135: 0 | DO135: 0 | DR135: 0 | DT135: 1
A136: Suma de Feria Semana 01 | C136: 0 | G136: 0 | I136: 0 | K136: 0 | N136: 0 | Q136: 0 | V136: 1 | AA136: 1 | AF136: 1 | AI136: 0 | AM136: 0 | AQ136: 0 | AV136: 0 | BA136: 1 | BF136: 1 | BI136: 1 | BM136: 0 | BQ136: 0 | BW136: 0 | CA136: 0 | CE136: 1 | CI136: 0 | CL136: 0 | CR136: 0 | CU136: 0 | CZ136: 0 | DD136: 0 | DH136: 0 | DK136: 0 | DO136: 0 | DR136: 0 | DT136: 7
A137: Suma de Feria Semana 02 | C137: 1 | G137: 2 | I137: 0 | K137: 0 | N137: 0 | Q137: 0 | V137: 0 | AA137: 0 | AF137: 0 | AI137: 0 | AM137: 0 | AQ137: 0 | AV137: 0 | BA137: 0 | BF137: 0 | BI137: 0 | BM137: 0 | BQ137: 0 | BW137: 0 | CA137: 0 | CE137: 0 | CI137: 0 | CL137: 0 | CR137: 0 | CU137: 0 | CZ137: 0 | DD137: 0 | DH137: 0 | DK137: 0 | DO137: 0 | DR137: 0 | DT137: 3
A138: Suma de Fuera Radio Normal | C138: 0 | G138: 2 | I138: 0 | K138: 1 | N138: 0 | Q138: 0 | V138: 0 | AA138: 0 | AF138: 0 | AI138: 0 | AM138: 0 | AQ138: 0 | AV138: 0 | BA138: 0 | BF138: 0 | BI138: 0 | BM138: 0 | BQ138: 0 | BW138: 0 | CA138: 0 | CE138: 1 | CI138: 0 | CL138: 0 | CR138: 0 | CU138: 0 | CZ138: 0 | DD138: 0 | DH138: 0 | DK138: 0 | DO138: 0 | DR138: 0 | DT138: 4
A139: Suma de Fuera Radio V Región | C139: 0 | G139: 0 | I139: 0 | K139: 0 | N139: 0 | Q139: 0 | V139: 0 | AA139: 0 | AF139: 0 | AI139: 0 | AM139: 0 | AQ139: 0 | AV139: 0 | BA139: 0 | BF139: 0 | BI139: 0 | BM139: 0 | BQ139: 0 | BW139: 0 | CA139: 0 | CE139: 0 | CI139: 0 | CL139: 0 | CR139: 0 | CU139: 0 | CZ139: 0 | DD139: 0 | DH139: 0 | DK139: 0 | DO139: 0 | DR139: 0 | DT139: 0
A140: Suma de Sabado | C140: 0 | G140: 0 | I140: 1 | K140: 0 | N140: 0 | Q140: 0 | V140: 0 | AA140: 0 | AF140: 0 | AI140: 1 | AM140: 0 | AQ140: 0 | AV140: 0 | BA140: 0 | BF140: 0 | BI140: 0 | BM140: 1 | BQ140: 0 | BW140: 0 | CA140: 0 | CE140: 0 | CI140: 0 | CL140: 0 | CR140: 0 | CU140: 0 | CZ140: 0 | DD140: 0 | DH140: 0 | DK140: 0 | DO140: 0 | DR140: 0 | DT140: 3
A141: Suma de Aux Sabado Semana 02 | C141: 0 | G141: 0 | I141: 0 | K141: 0 | N141: 0 | Q141: 0 | V141: 0 | AA141: 0 | AF141: 0 | AI141: 0 | AM141: 0 | AQ141: 0 | AV141: 0 | BA141: 0 | BF141: 0 | BI141: 0 | BM141: 0 | BQ141: 0 | BW141: 0 | CA141: 0 | CE141: 0 | CI141: 0 | CL141: 0 | CR141: 0 | CU141: 0 | CZ141: 0 | DD141: 0 | DH141: 0 | DK141: 0 | DO141: 0 | DR141: 0 | DT141: 0
A142: Suma de Domingo | C142: 0 | G142: 0 | I142: 0 | K142: 7 | N142: 0 | Q142: 0 | V142: 0 | AA142: 0 | AF142: 0 | AI142: 0 | AM142: 1 | AQ142: 0 | AV142: 0 | BA142: 0 | BF142: 0 | BI142: 0 | BM142: 0 | BQ142: 1 | BW142: 0 | CA142: 0 | CE142: 0 | CI142: 0 | CL142: 0 | CR142: 0 | CU142: 0 | CZ142: 0 | DD142: 0 | DH142: 0 | DK142: 0 | DO142: 0 | DR142: 0 | DT142: 9
A143: Suma de Aux Domingo Semana 02 | C143: 0 | G143: 0 | I143: 0 | K143: 1 | N143: 0 | Q143: 0 | V143: 0 | AA143: 0 | AF143: 0 | AI143: 0 | AM143: 0 | AQ143: 0 | AV143: 0 | BA143: 0 | BF143: 0 | BI143: 0 | BM143: 0 | BQ143: 0 | BW143: 0 | CA143: 0 | CE143: 0 | CI143: 0 | CL143: 0 | CR143: 0 | CU143: 0 | CZ143: 0 | DD143: 0 | DH143: 0 | DK143: 0 | DO143: 0 | DR143: 0 | DT143: 1
A144: Suma de Viajes Por Cliente | C144: 0 | G144: 0 | I144: 3 | K144: 1 | N144: 0 | Q144: 0 | V144: 0 | AA144: 0 | AF144: 0 | AI144: 3 | AM144: 3 | AQ144: 0 | AV144: 0 | BA144: 0 | BF144: 0 | BI144: 0 | BM144: 0 | BQ144: 5 | BW144: 0 | CA144: 0 | CE144: 0 | CI144: 0 | CL144: 0 | CR144: 0 | CU144: 0 | CZ144: 0 | DD144: 0 | DH144: 0 | DK144: 0 | DO144: 0 | DR144: 0 | DT144: 15
...

Sheet Base Datos
A1: Operador | B1: Auxiliar | C1: Cod. Usuario | D1: Fecha Inicial | E1: Fecha Final | F1: Duración | G1: Estado | H1: Despacho / Retiro | I1: Entrada < 19:30 | J1: Salida > 19:30 | K1: Feria Semana 01 | L1: Feria Semana 02 | M1: Fuera Radio Normal | N1: Fuera Radio V Región | O1: Sabado | P1: Domingo | Q1: Viajes Por Cliente | R1: Sábado > 16:00 | S1: Domingo > 16:00 | T1: URL | U1: Secado | V1: Evento | W1: Punto de Agua | X1: Basurero Grande | Y1: Basurero chico | Z1: Fosa | AA1: Aux Sabado Semana 02 | AB1: Aux Domingo Semana 02
A2: Cristian Valdivia | B2: Hugo Troncoso | C2: OP-S-100 | D2: 45769 | E2: 45769 | F2: 50 | G2: Ok | H2: 30 | I2: 0 | J2: 0 | K2: 1 | L2: 0 | M2: 0 | N2: 0 | O2: 0 | P2: 0 | Q2: 0 | R2: 0 | S2: 0 | T2: https://www.clickideacore.com/ClickHTML5/Visit.aspx?ID=//52DAEwASwAzADMAMAA2ADMAMgAyADQASQBEAEUAQQAC=&Tipo=2&ST=1&nLang=0 | U2: 0 | V2: 0 | W2: 0 | X2: 0 | Y2: 0 | Z2: 0 | AA2: 0 | AB2: 0
A3: Daniel Peña | B3: Michael Suarez | C3: OP-DYR-004 | D3: 45769 | E3: 45769 | F3: 23 | G3: Ok | H3: 20 | I3: 0 | J3: 0 | K3: 1 | L3: 0 | M3: 0 | N3: 0 | O3: 0 | P3: 0 | Q3: 0 | R3: 0 | S3: 0 | T3: https://www.clickideacore.com/ClickHTML5/Visit.aspx?ID=//56DAEwASwAzADMAMAA2ADIAMwA4ADkASQBEAEUAQQAE=&Tipo=2&ST=1&nLang=0 | U3: 0 | V3: 16 | W3: 0 | X3: 0 | Y3: 0 | Z3: 0 | AA3: 0 | AB3: 0
A4: Eduardo Soto | B4: Alejandro Escobar | C4: OP-S-200 | D4: 45769 | E4: 45769 | F4: 33 | G4: Ok | H4: 28 | I4: 0 | J4: 0 | K4: 1 | L4: 0 | M4: 0 | N4: 0 | O4: 0 | P4: 0 | Q4: 0 | R4: 0 | S4: 0 | T4: https://www.clickideacore.com/ClickHTML5/Visit.aspx?ID=//5DDAEwASwAzADMAMAA2ADIAMQAzADYASQBEAEUAQQAB=&Tipo=2&ST=1&nLang=0 | U4: 0 | V4: 49 | W4: 2 | X4: 0 | Y4: 15 | Z4: 0 | AA4: 0 | AB4: 0
A5: Gerardo Cartes | B5: Yosman Perez | C5: OP-S-076 | D5: 45769 | E5: 45769 | F5: 43 | G5: Ok | H5: 14 | I5: 0 | J5: 0 | K5: 0 | L5: 1 | M5: 0 | N5: 0 | O5: 0 | P5: 0 | Q5: 0 | R5: 0 | S5: 0 | T5: https://www.clickideacore.com/ClickHTML5/Visit.aspx?ID=//57DAEwASwAzADMAMAA2ADEAOAA4ADAASQBEAEUAQQA3=&Tipo=2&ST=1&nLang=0 | U5: 0 | V5: 28 | W5: 0 | X5: 0 | Y5: 0 | Z5: 0 | AA5: 0 | AB5: 0
A6: Luis Alvarez | B6: Wilmer Villa | C6: OP-DYR-005 | D6: 45769 | E6: 45769 | F6: 22 | G6: Ok | H6: 19 | I6: 0 | J6: 0 | K6: 1 | L6: 0 | M6: 0 | N6: 0 | O6: 0 | P6: 0 | Q6: 0 | R6: 0 | S6: 0 | T6: https://www.clickideacore.com/ClickHTML5/Visit.aspx?ID=//57DAEwASwAzADMAMAA2ADMAOQAwADAASQBEAEUAQQAB=&Tipo=2&ST=1&nLang=0 | U6: 0 | V6: 0 | W6: 2 | X6: 0 | Y6: 0 | Z6: 0 | AA6: 0 | AB6: 0
A7: Claudio Garrido | B7: Andres Moya | C7: OP-S-005 | D7: 45769 | E7: 45769 | F7: 53 | G7: Ok | H7: 1 | I7: 0 | J7: 0 | K7: 0 | L7: 0 | M7: 0 | N7: 0 | O7: 0 | P7: 0 | Q7: 0 | R7: 0 | S7: 0 | T7: https://www.clickideacore.com/ClickHTML5/Visit.aspx?ID=//5BDAEwASwAzADMAMAAxADIAMQA1ADYASQBEAEUAQQA9=&Tipo=2&ST=1&nLang=0 | U7: 0 | V7: 16 | W7: 0 | X7: 0 | Y7: 0 | Z7: 0 | AA7: 0 | AB7: 0
A8: Jeremias Cerda | B8: N/A | C8: 0 | D8: 45769 | E8: 45769 | F8: 0 | G8: Libre Compensatorio | H8: 0 | I8: 0 | J8: 0 | K8: 0 | L8: 0 | M8: 0 | N8: 0 | O8: 0 | P8: 0 | Q8: 0 | R8: 0 | S8: 0 | T8: 0 | U8: 0 | V8: 0 | W8: 0 | X8: 0 | Y8: 0 | Z8: 0 | AA8: 0 | AB8: 0
A9: Albert Riveros | B9: N/A | C9: 0 | D9: 45769 | E9: 45769 | F9: 0 | G9: Licencia Medica | H9: 0 | I9: 0 | J9: 0 | K9: 0 | L9: 0 | M9: 0 | N9: 0 | O9: 0 | P9: 0 | Q9: 0 | R9: 0 | S9: 0 | T9: 0 | U9: 0 | V9: 0 | W9: 0 | X9: 0 | Y9: 0 | Z9: 0 | AA9: 0 | AB9: 0
A10: Francisco Cuevas | B10: N/A | C10: 0 | D10: 45769 | E10: 45769 | F10: 0 | G10: Licencia Medica | H10: 0 | I10: 0 | J10: 0 | K10: 0 | L10: 0 | M10: 0 | N10: 0 | O10: 0 | P10: 0 | Q10: 0 | R10: 0 | S10: 0 | T10: 0 | U10: 0 | V10: 0 | W10: 0 | X10: 0 | Y10: 0 | Z10: 0 | AA10: 0 | AB10: 0
A11: N/A | B11: Gonzalo Gonzalez | C11: 0 | D11: 45769 | E11: 45769 | F11: 0 | G11: Licencia Medica | H11: 0 | I11: 0 | J11: 0 | K11: 0 | L11: 0 | M11: 0 | N11: 0 | O11: 0 | P11: 0 | Q11: 0 | R11: 0 | S11: 0 | T11: 0 | U11: 0 | V11: 0 | W11: 0 | X11: 0 | Y11: 0 | Z11: 0 | AA11: 0 | AB11: 0
A12: Claudio Garrido | B12: Jeremias Cerda | C12: OP-S-005 | D12: 45770 | E12: 45770 | F12: 25 | G12: Ok | H12: 26 | I12: 0 | J12: 0 | K12: 1 | L12: 0 | M12: 0 | N12: 0 | O12: 0 | P12: 0 | Q12: 0 | R12: 0 | S12: 0 | T12: https://www.clickideacore.com/ClickHTML5/Visit.aspx?ID=//53DAEwASwAzADMAMAA4ADMANQA1ADMASQBEAEUAQQA1=&Tipo=2&ST=1&nLang=0 | U12: 0 | V12: 22 | W12: 0 | X12: 0 | Y12: 0 | Z12: 0 | AA12: 0 | AB12: 0
A13: Daniel Peña | B13: Michael Suarez | C13: OP-DYR-004 | D13: 45770 | E13: 45770 | F13: 23 | G13: Ok | H13: 25 | I13: 0 | J13: 0 | K13: 1 | L13: 0 | M13: 0 | N13: 0 | O13: 0 | P13: 0 | Q13: 0 | R13: 0 | S13: 0 | T13: https://www.clickideacore.com/ClickHTML5/Visit.aspx?ID=//5EDAEwASwAzADMAMAA5ADAAMgA3ADUASQBEAEUAQQA1=&Tipo=2&ST=1&nLang=0 | U13: 0 | V13: 15 | W13: 0 | X13: 0 | Y13: 0 | Z13: 0 | AA13: 0 | AB13: 0
A14: Eduardo Soto | B14: Alejandro Escobar | C14: OP-S-200 | D14: 45770 | E14: 45770 | F14: 18 | G14: Ok | H14: 28 | I14: 0 | J14: 0 | K14: 1 | L14: 0 | M14: 0 | N14: 0 | O14: 0 | P14: 0 | Q14: 0 | R14: 0 | S14: 0 | T14: https://www.clickideacore.com/ClickHTML5/Visit.aspx?ID=//59DAEwASwAzADMAMAA4ADgANQAwADUASQBEAEUAQQA7=&Tipo=2&ST=1&nLang=0 | U14: 0 | V14: 22 | W14: 0 | X14: 0 | Y14: 0 | Z14: 0 | AA14: 0 | AB14: 0
A15: Gerardo Cartes | B15: Yosman Perez | C15: OP-S-076 | D15: 45770 | E15: 45770 | F15: 30 | G15: Ok | H15: 11 | I15: 0 | J15: 0 | K15: 0 | L15: 1 | M15: 1 | N15: 0 | O15: 0 | P15: 0 | Q15: 0 | R15: 0 | S15: 0 | T15: https://www.clickideacore.com/ClickHTML5/Visit.aspx?ID=//56DAEwASwAzADMAMAA4ADUANAA3ADMASQBEAEUAQQA6=&Tipo=2&ST=1&nLang=0 | U15: 0 | V15: 14 | W15: 0 | X15: 0 | Y15: 0 | Z15: 0 | AA15: 0 | AB15: 0
A16: Luis Alvarez | B16: Wilmer Villa | C16: OP-DYR-005 | D16: 45770 | E16: 45770 | F16: 27 | G16: Ok | H16: 39 | I16: 0 | J16: 0 | K16: 1 | L16: 0 | M16: 0 | N16: 0 | O16: 0 | P16: 0 | Q16: 0 | R16: 0 | S16: 0 | T16: https://www.clickideacore.com/ClickHTML5/Visit.aspx?ID=//5ADAEwASwAzADMAMAA5ADIANgA1ADIASQBEAEUAQQA1=&Tipo=2&ST=1&nLang=0 | U16: 0 | V16: 23 | W16: 0 | X16: 0 | Y16: 0 | Z16: 0 | AA16: 0 | AB16: 0
A17: Andres Moya | B17: Edgar Benavides | C17: 0 | D17: 45770 | E17: 45770 | F17: 27 | G17: Ok | H17: 0 | I17: 0 | J17: 0 | K17: 0 | L17: 0 | M17: 0 | N17: 0 | O17: 0 | P17: 0 | Q17: 0 | R17: 0 | S17: 0 | T17: https://www.clickideacore.com/ClickHTML5/Visit.aspx?ID=//5ADAEwASwAzADMAMAA5ADIANgA1ADIASQBEAEUAQQA1=&Tipo=2&ST=1&nLang=0 | U17: 0 | V17: 20 | W17: 0 | X17: 0 | Y17: 0 | Z17: 0 | AA17: 0 | AB17: 0
A18: Cristian Valdivia | B18: Hugo Troncoso | C18: 0 | D18: 45770 | E18: 45770 | F18: 0 | G18: Libre Compensatorio | H18: 0 | I18: 0 | J18: 0 | K18: 0 | L18: 0 | M18: 0 | N18: 0 | O18: 0 | P18: 0 | Q18: 0 | R18: 0 | S18: 0 | T18: 0 | U18: 0 | V18: 0 | W18: 0 | X18: 0 | Y18: 0 | Z18: 0 | AA18: 0 | AB18: 0
A19: Albert Riveros | B19: N/A | C19: 0 | D19: 45770 | E19: 45770 | F19: 0 | G19: Licencia Medica | H19: 0 | I19: 0 | J19: 0 | K19: 0 | L19: 0 | M19: 0 | N19: 0 | O19: 0 | P19: 0 | Q19: 0 | R19: 0 | S19: 0 | T19: 0 | U19: 0 | V19: 0 | W19: 0 | X19: 0 | Y19: 0 | Z19: 0 | AA19: 0 | AB19: 0
A20: Francisco Cuevas | B20: N/A | C20: 0 | D20: 45770 | E20: 45770 | F20: 0 | G20: Licencia Medica | H20: 0 | I20: 0 | J20: 0 | K20: 0 | L20: 0 | M20: 0 | N20: 0 | O20: 0 | P20: 0 | Q20: 0 | R20: 0 | S20: 0 | T20: 0 | U20: 0 | V20: 0 | W20: 0 | X20: 0 | Y20: 0 | Z20: 0 | AA20: 0 | AB20: 0
A21: N/A | B21: Gonzalo Gonzalez | C21: 0 | D21: 45770 | E21: 45770 | F21: 0 | G21: Licencia Medica | H21: 0 | I21: 0 | J21: 0 | K21: 0 | L21: 0 | M21: 0 | N21: 0 | O21: 0 | P21: 0 | Q21: 0 | R21: 0 | S21: 0 | T21: 0 | U21: 0 | V21: 0 | W21: 0 | X21: 0 | Y21: 0 | Z21: 0 | AA21: 0 | AB21: 0
A22: Andres Moya | B22: Andres Moya | C22: OP-DYR-011 | D22: 45771 | E22: 45771 | F22: 45 | G22: Ok | H22: 0 | I22: 0 | J22: 0 | K22: 0 | L22: 0 | M22: 0 | N22: 0 | O22: 0 | P22: 0 | Q22: 0 | R22: 0 | S22: 0 | T22: https://www.clickideacore.com/ClickHTML5/Visit.aspx?ID=//59DAEwASwAzADMAMQAwADMANAAxADEASQBEAEUAQQA1=&Tipo=2&ST=1&nLang=0 | U22: 0 | V22: 20 | W22: 0 | X22: 0 | Y22: 0 | Z22: 0 | AA22: 0 | AB22: 0
A23: Claudio Garrido | B23: Jeremias Cerda | C23: OP-S-005 | D23: 45771 | E23: 45771 | F23: 36 | G23: Ok | H23: 25 | I23: 0 | J23: 0 | K23: 0 | L23: 1 | M23: 0 | N23: 0 | O23: 0 | P23: 0 | Q23: 0 | R23: 0 | S23: 0 | T23: https://www.clickideacore.com/ClickHTML5/Visit.aspx?ID=//50DAEwASwAzADMAMQAwADkAOAAyADEASQBEAEUAQQAA=&Tipo=2&ST=1&nLang=0 | U23: 0 | V23: 13 | W23: 0 | X23: 0 | Y23: 0 | Z23: 0 | AA23: 0 | AB23: 0
A24: Cristian Valdivia | B24: Hugo Troncoso | C24: OP-S-100 | D24: 45771 | E24: 45771 | F24: 34 | G24: Ok | H24: 30 | I24: 0 | J24: 0 | K24: 1 | L24: 0 | M24: 0 | N24: 0 | O24: 0 | P24: 0 | Q24: 0 | R24: 0 | S24: 0 | T24: https://www.clickideacore.com/ClickHTML5/Visit.aspx?ID=//52DAEwASwAzADMAMQAwADYAOQAxADcASQBEAEUAQQAC=&Tipo=2&ST=1&nLang=0 | U24: 0 | V24: 22 | W24: 0 | X24: 0 | Y24: 0 | Z24: 0 | AA24: 0 | AB24: 0
A25: Daniel Peña | B25: Michael Suarez | C25: OP-DYR-004 | D25: 45771 | E25: 45771 | F25: 21 | G25: Ok | H25: 35 | I25: 0 | J25: 0 | K25: 1 | L25: 0 | M25: 0 | N25: 0 | O25: 0 | P25: 0 | Q25: 0 | R25: 0 | S25: 0 | T25: https://www.clickideacore.com/ClickHTML5/Visit.aspx?ID=//51DAEwASwAzADMAMQAwADYANAAyADYASQBEAEUAQQAF=&Tipo=2&ST=1&nLang=0 | U25: 0 | V25: 20 | W25: 0 | X25: 0 | Y25: 0 | Z25: 0 | AA25: 0 | AB25: 0
A26: Luis Alvarez | B26: Wilmer Villa | C26: OP-DYR-005 | D26: 45771 | E26: 45771 | F26: 19 | G26: Ok | H26: 19 | I26: 0 | J26: 0 | K26: 1 | L26: 0 | M26: 0 | N26: 0 | O26: 0 | P26: 0 | Q26: 0 | R26: 0 | S26: 0 | T26: https://www.clickideacore.com/ClickHTML5/Visit.aspx?ID=//5EDAEwASwAzADMAMQAxADAANQAzADEASQBEAEUAQQAA=&Tipo=2&ST=1&nLang=0 | U26: 0 | V26: 14 | W26: 0 | X26: 0 | Y26: 0 | Z26: 0 | AA26: 0 | AB26: 0
A27: Eduardo Soto | B27: Alejandro Escobar | C27: OP-S-200 | D27: 45771 | E27: 45771 | F27: 33 | G27: Ok | H27: 28 | I27: 0 | J27: 0 | K27: 1 | L27: 0 | M27: 0 | N27: 0 | O27: 0 | P27: 0 | Q27: 0 | R27: 0 | S27: 0 | T27: https://www.clickideacore.com/ClickHTML5/Visit.aspx?ID=//5DDAEwASwAzADMAMAA2ADIAMQAzADYASQBEAEUAQQAB=&Tipo=2&ST=1&nLang=0 | U27: 0 | V27: 49 | W27: 2 | X27: 0 | Y27: 0 | Z27: 0 | AA27: 0 | AB27: 0
A28: Gerardo Cartes | B28: Yosman Perez | C28: 0 | D28: 45771 | E28: 45771 | F28: 0 | G28: Libre Compensatorio | H28: 0 | I28: 0 | J28: 0 | K28: 0 | L28: 0 | M28: 0 | N28: 0 | O28: 0 | P28: 0 | Q28: 0 | R28: 0 | S28: 0 | T28: 0 | U28: 0 | V28: 0 | W28: 0 | X28: 0 | Y28: 0 | Z28: 0 | AA28: 0 | AB28: 0
A29: Albert Riveros | B29: N/A | C29: 0 | D29: 45771 | E29: 45771 | F29: 0 | G29: Licencia Medica | H29: 0 | I29: 0 | J29: 0 | K29: 0 | L29: 0 | M29: 0 | N29: 0 | O29: 0 | P29: 0 | Q29: 0 | R29: 0 | S29: 0 | T29: 0 | U29: 0 | V29: 0 | W29: 0 | X29: 0 | Y29: 0 | Z29: 0 | AA29: 0 | AB29: 0
A30: Francisco Cuevas | B30: N/A | C30: 0 | D30: 45771 | E30: 45771 | F30: 0 | G30: Licencia Medica | H30: 0 | I30: 0 | J30: 0 | K30: 0 | L30: 0 | M30: 0 | N30: 0 | O30: 0 | P30: 0 | Q30: 0 | R30: 0 | S30: 0 | T30: 0 | U30: 0 | V30: 0 | W30: 0 | X30: 0 | Y30: 0 | Z30: 0 | AA30: 0 | AB30: 0
A31: N/A | B31: Gonzalo Gonzalez | C31: 0 | D31: 45771 | E31: 45771 | F31: 0 | G31: Licencia Medica | H31: 0 | I31: 0 | J31: 0 | K31: 0 | L31: 0 | M31: 0 | N31: 0 | O31: 0 | P31: 0 | Q31: 0 | R31: 0 | S31: 0 | T31: 0 | U31: 0 | V31: 0 | W31: 0 | X31: 0 | Y31: 0 | Z31: 0 | AA31: 0 | AB31: 0
A32: Andres Moya | B32: Wilmer Villa | C32: OP-DYR-011 | D32: 45772 | E32: 45772 | F32: 37 | G32: Ok | H32: 29 | I32: 0 | J32: 0 | K32: 1 | L32: 0 | M32: 1 | N32: 0 | O32: 0 | P32: 0 | Q32: 1 | R32: 0 | S32: 0 | T32: https://www.clickideacore.com/ClickHTML5/Visit.aspx?ID=//5CDAEwASwAzADMAMQAyADkAOQA5ADAASQBEAEUAQQAA=&Tipo=2&ST=1&nLang=0 | U32: 0 | V32: 3 | W32: 0 | X32: 0 | Y32: 0 | Z32: 0 | AA32: 0 | AB32: 0
A33: Cristian Valdivia | B33: Hugo Troncoso | C33: OP-S-100 | D33: 45772 | E33: 45772 | F33: 56 | G33: Ok | H33: 18 | I33: 0 | J33: 0 | K33: 1 | L33: 0 | M33: 0 | N33: 0 | O33: 0 | P33: 0 | Q33: 0 | R33: 0 | S33: 0 | T33: https://www.clickideacore.com/ClickHTML5/Visit.aspx?ID=//59DAEwASwAzADMAMQAzADAAOQAxADAASQBEAEUAQQA2=&Tipo=2&ST=1&nLang=0 | U33: 0 | V33: 0 | W33: 0 | X33: 0 | Y33: 0 | Z33: 0 | AA33: 0 | AB33: 0
A34: Gerardo Cartes | B34: Yosman Perez | C34: OP-S-076 | D34: 45772 | E34: 45772 | F34: 46 | G34: Ok | H34: 24 | I34: 0 | J34: 0 | K34: 0 | L34: 1 | M34: 0 | N34: 0 | O34: 0 | P34: 0 | Q34: 0 | R34: 0 | S34: 0 | T34: https://www.clickideacore.com/ClickHTML5/Visit.aspx?ID=//5EDAEwASwAzADMAMQAzADIAMwAzADAASQBEAEUAQQA0=&Tipo=2&ST=1&nLang=0 | U34: 0 | V34: 15 | W34: 0 | X34: 0 | Y34: 0 | Z34: 0 | AA34: 0 | AB34: 0
A35: Claudio Garrido | B35: Jeremias Cerda | C35: OP-S-076 | D35: 45772 | E35: 45772 | F35: 46 | G35: Ok | H35: 28 | I35: 0 | J35: 0 | K35: 0 | L35: 1 | M35: 0 | N35: 0 | O35: 0 | P35: 0 | Q35: 0 | R35: 0 | S35: 0 | T35: https://www.clickideacore.com/ClickHTML5/Visit.aspx?ID=//5EDAEwASwAzADMAMQAzADIAMwAzADAASQBEAEUAQQA0=&Tipo=2&ST=1&nLang=0 | U35: 0 | V35: 15 | W35: 0 | X35: 0 | Y35: 0 | Z35: 0 | AA35: 0 | AB35: 0
A36: Luis Alvarez | B36: N/A | C36: 0 | D36: 45772 | E36: 45772 | F36: 0 | G36: Libre Compensatorio | H36: 0 | I36: 0 | J36: 0 | K36: 0 | L36: 0 | M36: 0 | N36: 0 | O36: 0 | P36: 0 | Q36: 0 | R36: 0 | S36: 0 | T36: 0 | U36: 0 | V36: 0 | W36: 0 | X36: 0 | Y36: 0 | Z36: 0 | AA36: 0 | AB36: 0
A37: Daniel Peña | B37: Michael Suarez | C37: 0 | D37: 45772 | E37: 45772 | F37: 0 | G37: Libre Compensatorio | H37: 0 | I37: 0 | J37: 0 | K37: 0 | L37: 0 | M37: 0 | N37: 0 | O37: 0 | P37: 0 | Q37: 0 | R37: 0 | S37: 0 | T37: 0 | U37: 0 | V37: 0 | W37: 0 | X37: 0 | Y37: 0 | Z37: 0 | AA37: 0 | AB37: 0
A38: Eduardo Soto | B38: Alejandro Escobar | C38: 0 | D38: 45772 | E38: 45772 | F38: 0 | G38: Libre Compensatorio | H38: 0 | I38: 0 | J38: 0 | K38: 0 | L38: 0 | M38: 0 | N38: 0 | O38: 0 | P38: 0 | Q38: 0 | R38: 0 | S38: 0 | T38: 0 | U38: 0 | V38: 0 | W38: 0 | X38: 0 | Y38: 0 | Z38: 0 | AA38: 0 | AB38: 0
A39: Albert Riveros | B39: N/A | C39: 0 | D39: 45772 | E39: 45772 | F39: 0 | G39: Licencia Medica | H39: 0 | I39: 0 | J39: 0 | K39: 0 | L39: 0 | M39: 0 | N39: 0 | O39: 0 | P39: 0 | Q39: 0 | R39: 0 | S39: 0 | T39: 0 | U39: 0 | V39: 0 | W39: 0 | X39: 0 | Y39: 0 | Z39: 0 | AA39: 0 | AB39: 0
A40: Francisco Cuevas | B40: N/A | C40: 0 | D40: 45772 | E40: 45772 | F40: 0 | G40: Licencia Medica | H40: 0 | I40: 0 | J40: 0 | K40: 0 | L40: 0 | M40: 0 | N40: 0 | O40: 0 | P40: 0 | Q40: 0 | R40: 0 | S40: 0 | T40: 0 | U40: 0 | V40: 0 | W40: 0 | X40: 0 | Y40: 0 | Z40: 0 | AA40: 0 | AB40: 0
A41: N/A | B41: Gonzalo Gonzalez | C41: 0 | D41: 45772 | E41: 45772 | F41: 0 | G41: Licencia Medica | H41: 0 | I41: 0 | J41: 0 | K41: 0 | L41: 0 | M41: 0 | N41: 0 | O41: 0 | P41: 0 | Q41: 0 | R41: 0 | S41: 0 | T41: 0 | U41: 0 | V41: 0 | W41: 0 | X41: 0 | Y41: 0 | Z41: 0 | AA41: 0 | AB41: 0
A42: Cristian Valdivia | B42: Hugo Troncoso | C42: OP-S-100 | D42: 45773 | E42: 45773 | F42: 129 | G42: Ok | H42: 0 | I42: 0 | J42: 0 | K42: 1 | L42: 0 | M42: 0 | N42: 0 | O42: 1 | P42: 0 | Q42: 2 | R42: 1 | S42: 0 | T42: https://www.clickideacore.com/ClickHTML5/Visit.aspx?ID=//51DAEwASwAzADMAMQA1ADAAMgAyADkASQBEAEUAQQAF=&Tipo=2&ST=1&nLang=0 | U42: 0 | V42: 0 | W42: 0 | X42: 0 | Y42: 0 | Z42: 0 | AA42: 0 | AB42: 0
A43: Daniel Peña | B43: Michael Suarez | C43: OP-DYR-004 | D43: 45773 | E43: 45773 | F43: 28 | G43: Ok | H43: 0 | I43: 0 | J43: 0 | K43: 1 | L43: 0 | M43: 0 | N43: 0 | O43: 1 | P43: 0 | Q43: 1 | R43: 1 | S43: 0 | T43: https://www.clickideacore.com/ClickHTML5/Visit.aspx?ID=//53DAEwASwAzADMAMQA1ADAANwA3ADYASQBEAEUAQQAD=&Tipo=2&ST=1&nLang=0 | U43: 12 | V43: 0 | W43: 0 | X43: 0 | Y43: 0 | Z43: 0 | AA43: 0 | AB43: 0
A44: Gerardo Cartes | B44: Yosman Perez | C44: OP-S-076 | D44: 45773 | E44: 45773 | F44: 49 | G44: Ok | H44: 0 | I44: 0 | J44: 0 | K44: 0 | L44: 0 | M44: 0 | N44: 0 | O44: 0 | P44: 0 | Q44: 7 | R44: 1 | S44: 0 | T44: https://www.clickideacore.com/ClickHTML5/Visit.aspx?ID=//5EDAEwASwAzADMAMQA1ADAAMQA2ADcASQBEAEUAQQA2=&Tipo=2&ST=1&nLang=0 | U44: 16 | V44: 0 | W44: 0 | X44: 0 | Y44: 0 | Z44: 0 | AA44: 1 | AB44: 0
A45: Luis Alvarez | B45: Jeremias Cerda | C45: OP-DYR-005 | D45: 45773 | E45: 45773 | F45: 39 | G45: Ok | H45: 0 | I45: 0 | J45: 0 | K45: 1 | L45: 0 | M45: 0 | N45: 0 | O45: 1 | P45: 0 | Q45: 2 | R45: 1 | S45: 0 | T45: https://www.clickideacore.com/ClickHTML5/Visit.aspx?ID=//57DAEwASwAzADMAMQA0ADkANwAzADQASQBEAEUAQQAE=&Tipo=2&ST=1&nLang=0 | U45: 0 | V45: 0 | W45: 0 | X45: 0 | Y45: 0 | Z45: 0 | AA45: 0 | AB45: 0
A46: Eduardo Soto | B46: Alejandro Escobar | C46: OP-DYR-005 | D46: 45773 | E46: 45773 | F46: 39 | G46: Ok | H46: 0 | I46: 0 | J46: 0 | K46: 1 | L46: 0 | M46: 0 | N46: 0 | O46: 1 | P46: 0 | Q46: 2 | R46: 1 | S46: 0 | T46: https://www.clickideacore.com/ClickHTML5/Visit.aspx?ID=//57DAEwASwAzADMAMQA0ADkANwAzADQASQBEAEUAQQAE=&Tipo=2&ST=1&nLang=0 | U46: 0 | V46: 0 | W46: 0 | X46: 0 | Y46: 0 | Z46: 0 | AA46: 0 | AB46: 0
A47: Andres Moya | B47: Wilmer Villa | C47: OP-DYR-011 | D47: 45774 | E47: 45774 | F47: 28 | G47: Ok | H47: 0 | I47: 0 | J47: 0 | K47: 0 | L47: 0 | M47: 0 | N47: 0 | O47: 0 | P47: 0 | Q47: 2 | R47: 0 | S47: 0 | T47: https://www.clickideacore.com/ClickHTML5/Visit.aspx?ID=//54DAEwASwAzADMAMQA1ADkAOAA4ADAASQBEAEUAQQA5=&Tipo=2&ST=1&nLang=0 | U47: 0 | V47: 0 | W47: 0 | X47: 0 | Y47: 0 | Z47: 0 | AA47: 0 | AB47: 0
A48: Cristian Valdivia | B48: Hugo Troncoso | C48: OP-S-100 | D48: 45774 | E48: 45774 | F48: 31 | G48: Ok | H48: 0 | I48: 0 | J48: 1 | K48: 1 | L48: 0 | M48: 0 | N48: 0 | O48: 0 | P48: 1 | Q48: 4 | R48: 0 | S48: 1 | T48: https://www.clickideacore.com/ClickHTML5/Visit.aspx?ID=//53DAEwASwAzADMAMQA1ADkANgA0ADkASQBEAEUAQQA0=&Tipo=2&ST=1&nLang=0 | U48: 0 | V48: 0 | W48: 0 | X48: 0 | Y48: 0 | Z48: 0 | AA48: 0 | AB48: 0
A49: Daniel Peña | B49: Michael Suarez | C49: OP-DYR-004 | D49: 45774 | E49: 45774 | F49: 183 | G49: Ok | H49: 0 | I49: 0 | J49: 0 | K49: 1 | L49: 0 | M49: 0 | N49: 0 | O49: 0 | P49: 1 | Q49: 4 | R49: 0 | S49: 1 | T49: https://www.clickideacore.com/ClickHTML5/Visit.aspx?ID=//53DAEwASwAzADMAMQA1ADgANwAyADIASQBEAEUAQQAF=&Tipo=2&ST=1&nLang=0 | U49: 16 | V49: 0 | W49: 0 | X49: 0 | Y49: 0 | Z49: 0 | AA49: 0 | AB49: 0
A50: Eduardo Soto | B50: Alejandro Escobar | C50: OP-S-200 | D50: 45774 | E50: 45774 | F50: 19 | G50: Ok | H50: 0 | I50: 0 | J50: 0 | K50: 1 | L50: 0 | M50: 0 | N50: 0 | O50: 0 | P50: 1 | Q50: 4 | R50: 0 | S50: 1 | T50: https://www.clickideacore.com/ClickHTML5/Visit.aspx?ID=//5CDAEwASwAzADMAMQA2ADAAMwA1ADUASQBEAEUAQQA1=&Tipo=2&ST=1&nLang=0 | U50: 0 | V50: 0 | W50: 0 | X50: 0 | Y50: 0 | Z50: 0 | AA50: 0 | AB50: 0
A51: Gerardo Cartes | B51: Yosman Perez | C51: OP-S-076 | D51: 45774 | E51: 45774 | F51: 38 | G51: Ok | H51: 0 | I51: 0 | J51: 0 | K51: 0 | L51: 0 | M51: 0 | N51: 0 | O51: 0 | P51: 1 | Q51: 4 | R51: 0 | S51: 1 | T51: https://www.clickideacore.com/ClickHTML5/Visit.aspx?ID=//57DAEwASwAzADMAMQA1ADkAMgAyADAASQBEAEUAQQA5=&Tipo=2&ST=1&nLang=0 | U51: 15 | V51: 0 | W51: 0 | X51: 0 | Y51: 0 | Z51: 0 | AA51: 0 | AB51: 1
A52: Luis Alvarez | B52: Jeremias Cerda | C52: OP-DYR-005 | D52: 45774 | E52: 45774 | F52: 58 | G52: Ok | H52: 0 | I52: 0 | J52: 0 | K52: 1 | L52: 0 | M52: 0 | N52: 0 | O52: 0 | P52: 1 | Q52: 4 | R52: 0 | S52: 1 | T52: https://www.clickideacore.com/ClickHTML5/Visit.aspx?ID=//53DAEwASwAzADMAMQA1ADkAMAAzADAASQBEAEUAQQAE=&Tipo=2&ST=1&nLang=0 | U52: 0 | V52: 0 | W52: 0 | X52: 0 | Y52: 0 | Z52: 0 | AA52: 0 | AB52: 0
A53: Andres Moya | B53: Edgar Benavides | C53: OP-DYR-011 | D53: 45775 | E53: 45775 | F53: 36 | G53: Ok | H53: 0 | I53: 1 | J53: 0 | K53: 0 | L53: 0 | M53: 0 | N53: 0 | O53: 0 | P53: 0 | Q53: 0 | R53: 0 | S53: 0 | T53: https://www.clickideacore.com/ClickHTML5/Visit.aspx?ID=//59DAEwASwAzADMAMQA3ADkAMwAzADkASQBEAEUAQQAC=&Tipo=2&ST=1&nLang=0 | U53: 0 | V53: 66 | W53: 0 | X53: 0 | Y53: 0 | Z53: 0 | AA53: 0 | AB53: 0
... A60: Claudio Garrido | B60: N/A | C60: OP-DYR-005 | D60: 45775 | E60: 45775 | F60: 26 | G60: Ok | H60: 0 | I60: 0 | J60: 0 | K60: 0 | L60: 0 | M60: 0 | N60: 0 | O60: 0 | P60: 0 | Q60: 0 | R60: 0 | S60: 0 | T60: https://www.clickideacore.com/ClickHTML5/Visit.aspx?ID=//5ADAEwASwAzADMAMQA3ADQANwA1ADcASQBEAEUAQQA2=&Tipo=2&ST=1&nLang=0 | U60: 0 | V60: 16 | W60: 0 | X60: 0 | Y60: 0 | Z60: 0 | AA60: 0 | AB60: 0
A61: Albert Riveros | B61: N/A | C61: 0 | D61: 45775 | E61: 45775 | F61: 0 | G61: Licencia Medica | H61: 0 | I61: 0 | J61: 0 | K61: 0 | L61: 0 | M61: 0 | N61: 0 | O61: 0 | P61: 0 | Q61: 0 | R61: 0 | S61: 0 | T61: 0 | U61: 0 | V61: 0 | W61: 0 | X61: 0 | Y61: 0 | Z61: 0 | AA61: 0 | AB61: 0
A62: Francisco Cuevas | B62: N/A | C62: 0 | D62: 45775 | E62: 45775 | F62: 0 | G62: Licencia Medica | H62: 0 | I62: 0 | J62: 0 | K62: 0 | L62: 0 | M62: 0 | N62: 0 | O62: 0 | P62: 0 | Q62: 0 | R62: 0 | S62: 0 | T62: 0 | U62: 0 | V62: 0 | W62: 0 | X62: 0 | Y62: 0 | Z62: 0 | AA62: 0 | AB62: 0
A63: N/A | B63: Gonzalo Gonzalez | C63: 0 | D63: 45775 | E63: 45775 | F63: 0 | G63: Licencia Medica | H63: 0 | I63: 0 | J63: 0 | K63: 0 | L63: 0 | M63: 0 | N63: 0 | O63: 0 | P63: 0 | Q63: 0 | R63: 0 | S63: 0 | T63: 0 | U63: 0 | V63: 0 | W63: 0 | X63: 0 | Y63: 0 | Z63: 0 | AA63: 0 | AB63: 0
A64: Andres Moya | B64: Alejandro Escobar | C64: OP-DYR-011 | D64: 45776 | E64: 45776 | F64: 31 | G64: Ok | H64: 15 | I64: 0 | J64: 0 | K64: 1 | L64: 0 | M64: 0 | N64: 0 | O64: 0 | P64: 0 | Q64: 1 | R64: 0 | S64: 0 | T64: https://www.clickideacore.com/ClickHTML5/Visit.aspx?ID=//54DAEwASwAzADMAMgAwADEAMwA1ADYASQBEAEUAQQA8=&Tipo=2&ST=1&nLang=0 | U64: 0 | V64: 55 | W64: 0 | X64: 0 | Y64: 0 | Z64: 0 | AA64: 0 | AB64: 0
A65: Claudio Garrido | B65: Wilmer Villa | C65: OP-S-005 | D65: 45776 | E65: 45776 | F65: 54 | G65: Ok | H65: 24 | I65: 0 | J65: 0 | K65: 1 | L65: 0 | M65: 1 | N65: 0 | O65: 0 | P65: 0 | Q65: 0 | R65: 0 | S65: 0 | T65: https://www.clickideacore.com/ClickHTML5/Visit.aspx?ID=//58DAEwASwAzADMAMgAwADIAMgA4ADkASQBEAEUAQQAA=&Tipo=2&ST=1&nLang=0 | U65: 0 | V65: 22 | W65: 0 | X65: 0 | Y65: 0 | Z65: 0 | AA65: 0 | AB65: 0
A66: Cristian Valdivia | B66: Hugo Troncoso | C66: OP-S-100 | D66: 45776 | E66: 45776 | F66: 24 | G66: Ok | H66: 14 | I66: 0 | J66: 0 | K66: 0 | L66: 1 | M66: 0 | N66: 0 | O66: 0 | P66: 0 | Q66: 1 | R66: 0 | S66: 0 | T66: https://www.clickideacore.com/ClickHTML5/Visit.aspx?ID=//55DAEwASwAzADMAMgAwADEANQA2ADUASQBEAEUAQQA2=&Tipo=2&ST=1&nLang=0 | U66: 0 | V66: 51 | W66: 7 | X66: 0 | Y66: 0 | Z66: 0 | AA66: 0 | AB66: 0
A67: Daniel Peña | B67: Michael Suarez | C67: OP-DYR-004 | D67: 45776 | E67: 45776 | F67: 24 | G67: Ok | H67: 25 | I67: 0 | J67: 0 | K67: 1 | L67: 0 | M67: 0 | N67: 0 | O67: 0 | P67: 0 | Q67: 0 | R67: 0 | S67: 0 | T67: https://www.clickideacore.com/ClickHTML5/Visit.aspx?ID=//57DAEwASwAzADMAMQA5ADcANAA3ADYASQBEAEUAQQA5=&Tipo=2&ST=1&nLang=0 | U67: 0 | V67: 2 | W67: 0 | X67: 0 | Y67: 0 | Z67: 0 | AA67: 0 | AB67: 0
A68: Gerardo Cartes | B68: Yosman Perez | C68: OP-S-076 | D68: 45776 | E68: 45776 | F68: 28 | G68: Ok | H68: 10 | I68: 0 | J68: 0 | K68: 0 | L68: 0 | M68: 1 | N68: 0 | O68: 0 | P68: 0 | Q68: 0 | R68: 0 | S68: 0 | T68: https://www.clickideacore.com/ClickHTML5/Visit.aspx?ID=//5EDAEwASwAzADMAMQA5ADgAMAA4ADUASQBEAEUAQQA8=&Tipo=2&ST=1&nLang=0 | U68: 0 | V68: 0 | W68: 0 | X68: 0 | Y68: 0 | Z68: 0 | AA68: 0 | AB68: 0
A69: Luis Alvarez | B69: Jeremias Cerda | C69: OP-DYR-005 | D69: 45776 | E69: 45776 | F69: 23 | G69: Ok | H69: 39 | I69: 0 | J69: 0 | K69: 1 | L69: 0 | M69: 0 | N69: 0 | O69: 0 | P69: 0 | Q69: 0 | R69: 0 | S69: 0 | T69: https://www.clickideacore.com/ClickHTML5/Visit.aspx?ID=//58DAEwASwAzADMAMgAwADIAMAA1ADYASQBEAEUAQQA2=&Tipo=2&ST=1&nLang=0 | U69: 0 | V69: 22 | W69: 0 | X69: 0 | Y69: 0 | Z69: 0 | AA69: 0 | AB69: 0
A70: Eduardo Soto | B70: N/A | C70: 0 | D70: 45776 | E70: 45776 | F70: 31 | G70: Ok | H70: 15 | I70: 0 | J70: 0 | K70: 1 | L70: 0 | M70: 0 | N70: 0 | O70: 0 | P70: 0 | Q70: 1 | R70: 0 | S70: 0 | T70: https://www.clickideacore.com/ClickHTML5/Visit.aspx?ID=//54DAEwASwAzADMAMgAwADEAMwA1ADYASQBEAEUAQQA8=&Tipo=2&ST=1&nLang=0 | U70: 0 | V70: 55 | W70: 0 | X70: 0 | Y70: 0 | Z70: 0 | AA70: 0 | AB70: 0
A71: Albert Riveros | B71: N/A | C71: 0 | D71: 45776 | E71: 45776 | F71: 0 | G71: Licencia Medica | H71: 0 | I71: 0 | J71: 0 | K71: 0 | L71: 0 | M71: 0 | N71: 0 | O71: 0 | P71: 0 | Q71: 0 | R71: 0 | S71: 0 | T71: 0 | U71: 0 | V71: 0 | W71: 0 | X71: 0 | Y71: 0 | Z71: 0 | AA71: 0 | AB71: 0
A72: Francisco Cuevas | B72: N/A | C72: 0 | D72: 45776 | E72: 45776 | F72: 0 | G72: Licencia Medica | H72: 0 | I72: 0 | J72: 0 | K72: 0 | L72: 0 | M72: 0 | N72: 0 | O72: 0 | P72: 0 | Q72: 0 | R72: 0 | S72: 0 | T72: 0 | U72: 0 | V72: 0 | W72: 0 | X72: 0 | Y72: 0 | Z72: 0 | AA72: 0 | AB72: 0
A73: N/A | B73: Gonzalo Gonzalez | C73: 0 | D73: 45776 | E73: 45776 | F73: 0 | G73: Licencia Medica | H73: 0 | I73: 0 | J73: 0 | K73: 0 | L73: 0 | M73: 0 | N73: 0 | O73: 0 | P73: 0 | Q73: 0 | R73: 0 | S73: 0 | T73: 0 | U73: 0 | V73: 0 | W73: 0 | X73: 0 | Y73: 0 | Z73: 0 | AA73: 0 | AB73: 0
A74: Andres Moya | B74: Edgar Benavides | C74: OP-DYR-011 | D74: 45777 | E74: 45777 | F74: 34 | G74: Ok | H74: 30 | I74: 0 | J74: 1 | K74: 1 | L74: 0 | M74: 0 | N74: 0 | O74: 0 | P74: 0 | Q74: 0 | R74: 0 | S74: 0 | T74: https://www.clickideacore.com/ClickHTML5/Visit.aspx?ID=//54DAEwASwAzADMAMgAyADcAOAAxADEASQBEAEUAQQAB=&Tipo=2&ST=1&nLang=0 | U74: 0 | V74: 47 | W74: 0 | X74: 0 | Y74: 0 | Z74: 0 | AA74: 0 | AB74: 0
A75: Cristian Valdivia | B75: Hugo Troncoso | C75: OP-S-100 | D75: 45777 | E75: 45777 | F75: 31 | G75: Ok | H75: 14 | I75: 0 | J75: 0 | K75: 0 | L75: 1 | M75: 0 | N75: 0 | O75: 0 | P75: 0 | Q75: 0 | R75: 0 | S75: 0 | T75: https://www.clickideacore.com/ClickHTML5/Visit.aspx?ID=//58DAEwASwAzADMAMgAyADcAMwA5ADMASQBEAEUAQQAC=&Tipo=2&ST=1&nLang=0 | U75: 0 | V75: 61 | W75: 6 | X75: 0 | Y75: 0 | Z75: 0 | AA75: 0 | AB75: 0
A76: Daniel Peña | B76: Michael Suarez | C76: OP-DYR-004 | D76: 45777 | E76: 45777 | F76: 29 | G76: Ok | H76: 32 | I76: 0 | J76: 0 | K76: 1 | L76: 0 | M76: 0 | N76: 0 | O76: 0 | P76: 0 | Q76: 0 | R76: 0 | S76: 0 | T76: https://www.clickideacore.com/ClickHTML5/Visit.aspx?ID=//55DAEwASwAzADMAMgAyADgANQA5ADgASQBEAEUAQQA8=&Tipo=2&ST=1&nLang=0 | U76: 0 | V76: 40 | W76: 0 | X76: 0 | Y76: 0 | Z76: 0 | AA76: 0 | AB76: 0
A77: Gerardo Cartes | B77: Yosman Perez | C77: OP-S-076 | D77: 45777 | E77: 45777 | F77: 106 | G77: Ok | H77: 27 | I77: 0 | J77: 1 | K77: 1 | L77: 0 | M77: 1 | N77: 0 | O77: 0 | P77: 0 | Q77: 0 | R77: 0 | S77: 0 | T77: https://www.clickideacore.com/ClickHTML5/Visit.aspx?ID=//5ADAEwASwAzADMAMgAyADgANgAwADIASQBEAEUAQQA2=&Tipo=2&ST=1&nLang=0 | U77: 0 | V77: 45 | W77: 0 | X77: 0 | Y77: 0 | Z77: 0 | AA77: 0 | AB77: 0
A78: Luis Alvarez | B78: Jeremias Cerda | C78: OP-DYR-005 | D78: 45777 | E78: 45777 | F78: 21 | G78: Ok | H78: 28 | I78: 0 | J78: 0 | K78: 1 | L78: 0 | M78: 0 | N78: 0 | O78: 0 | P78: 0 | Q78: 0 | R78: 0 | S78: 0 | T78: https://www.clickideacore.com/ClickHTML5/Visit.aspx?ID=//57DAEwASwAzADMAMgA0ADAANwAwADIASQBEAEUAQQA9=&Tipo=2&ST=1&nLang=0 | U78: 0 | V78: 44 | W78: 0 | X78: 0 | Y78: 0 | Z78: 0 | AA78: 0 | AB78: 0
A79: Claudio Garrido | B79: Wilmer Villa | C79: 0 | D79: 45777 | E79: 45777 | F79: 0 | G79: Libre Compensatorio | H79: 0 | I79: 0 | J79: 0 | K79: 0 | L79: 0 | M79: 0 | N79: 0 | O79: 0 | P79: 0 | Q79: 0 | R79: 0 | S79: 0 | T79: 0 | U79: 0 | V79: 0 | W79: 0 | X79: 0 | Y79: 0 | Z79: 0 | AA79: 0 | AB79: 0
A80: Eduardo Soto | B80: Alejandro Escobar | C80: OP-S-200 | D80: 45777 | E80: 45777 | F80: 0 | G80: Libre Compensatorio | H80: 0 | I80: 0 | J80: 0 | K80: 0 | L80: 0 | M80: 0 | N80: 0 | O80: 0 | P80: 0 | Q80: 0 | R80: 0 | S80: 0 | T80: 0 | U80: 0 | V80: 0 | W80: 0 | X80: 0 | Y80: 0 | Z80: 0 | AA80: 0 | AB80: 0
A81: Albert Riveros | B81: N/A | C81: 0 | D81: 45777 | E81: 45777 | F81: 0 | G81: Licencia Medica | H81: 0 | I81: 0 | J81: 0 | K81: 0 | L81: 0 | M81: 0 | N81: 0 | O81: 0 | P81: 0 | Q81: 0 | R81: 0 | S81: 0 | T81: 0 | U81: 0 | V81: 0 | W81: 0 | X81: 0 | Y81: 0 | Z81: 0 | AA81: 0 | AB81: 0
A82: Francisco Cuevas | B82: N/A | C82: 0 | D82: 45777 | E82: 45777 | F82: 0 | G82: Licencia Medica | H82: 0 | I82: 0 | J82: 0 | K82: 0 | L82: 0 | M82: 0 | N82: 0 | O82: 0 | P82: 0 | Q82: 0 | R82: 0 | S82: 0 | T82: 0 | U82: 0 | V82: 0 | W82: 0 | X82: 0 | Y82: 0 | Z82: 0 | AA82: 0 | AB82: 0
A83: N/A | B83: Gonzalo Gonzalez | C83: 0 | D83: 45777 | E83: 45777 | F83: 0 | G83: Licencia Medica | H83: 0 | I83: 0 | J83: 0 | K83: 0 | L83: 0 | M83: 0 | N83: 0 | O83: 0 | P83: 0 | Q83: 0 | R83: 0 | S83: 0 | T83: 0 | U83: 0 | V83: 0 | W83: 0 | X83: 0 | Y83: 0 | Z83: 0 | AA83: 0 | AB83: 0
A84: Claudio Garrido | B84: Wilmer Villa | C84: OP-S-005 | D84: 45778 | E84: 45778 | F84: 55 | G84: Ok | H84: 0 | I84: 0 | J84: 0 | K84: 1 | L84: 0 | M84: 0 | N84: 0 | O84: 0 | P84: 1 | Q84: 4 | R84: 0 | S84: 1 | T84: https://www.clickideacore.com/ClickHTML5/Visit.aspx?ID=//5CDAEwASwAzADMAMgAzADgANgA5ADAASQBEAEUAQQAA=&Tipo=2&ST=1&nLang=0 | U84: 0 | V84: 0 | W84: 0 | X84: 0 | Y84: 0 | Z84: 0 | AA84: 0 | AB84: 0
A85: Cristian Valdivia | B85: Hugo Troncoso | C85: OP-S-100 | D85: 45778 | E85: 45778 | F85: 80 | G85: Ok | H85: 0 | I85: 0 | J85: 0 | K85: 0 | L85: 1 | M85: 0 | N85: 0 | O85: 0 | P85: 1 | Q85: 7 | R85: 0 | S85: 1 | T85: https://www.clickideacore.com/ClickHTML5/Visit.aspx?ID=//59DAEwASwAzADMAMgAzADgANQAxADcASQBEAEUAQQAF=&Tipo=2&ST=1&nLang=0 | U85: 0 | V85: 0 | W85: 0 | X85: 0 | Y85: 0 | Z85: 0 | AA85: 0 | AB85: 0
A86: Edgar Benavides | B86: Yosman Perez | C86: OP-SDYR-001 | D86: 45778 | E86: 45778 | F86: 105 | G86: Ok | H86: 0 | I86: 0 | J86: 0 | K86: 1 | L86: 0 | M86: 0 | N86: 0 | O86: 0 | P86: 1 | Q86: 5 | R86: 0 | S86: 1 | T86: https://www.clickideacore.com/ClickHTML5/Visit.aspx?ID=//56DAEwASwAzADMAMgAzADcANAA2ADUASQBEAEUAQQAF=&Tipo=2&ST=1&nLang=0 | U86: 0 | V86: 0 | W86: 0 | X86: 0 | Y86: 0 | Z86: 0 | AA86: 0 | AB86: 0
A87: Eduardo Soto | B87: Alejandro Escobar | C87: OP-S-200 | D87: 45778 | E87: 45778 | F87: 23 | G87: Ok | H87: 0 | I87: 0 | J87: 0 | K87: 1 | L87: 0 | M87: 0 | N87: 0 | O87: 0 | P87: 1 | Q87: 7 | R87: 0 | S87: 1 | T87: https://www.clickideacore.com/ClickHTML5/Visit.aspx?ID=//50DAEwASwAzADMAMgAzADcAOQA5ADkASQBEAEUAQQA7=&Tipo=2&ST=1&nLang=0 | U87: 0 | V87: 0 | W87: 0 | X87: 0 | Y87: 0 | Z87: 0 | AA87: 0 | AB87: 0
A88: Fernando Diaz | B88: Jorge Vizcarra | C88: OP-S-DYR-009 | D88: 45778 | E88: 45778 | F88: 30 | G88: Ok | H88: 0 | I88: 0 | J88: 0 | K88: 1 | L88: 0 | M88: 0 | N88: 0 | O88: 0 | P88: 1 | Q88: 4 | R88: 0 | S88: 1 | T88: https://www.clickideacore.com/ClickHTML5/Visit.aspx?ID=//5DDAEwASwAzADMAMgAzADgANAA1ADYASQBEAEUAQQA2=&Tipo=2&ST=1&nLang=0 | U88: 12 | V88: 0 | W88: 0 | X88: 0 | Y88: 0 | Z88: 0 | AA88: 0 | AB88: 0
A89: Claudio Garrido | B89: Wilmer Villa | C89: OP-S-005 | D89: 45779 | E89: 45779 | F89: 36 | G89: Ok | H89: 16 | I89: 0 | J89: 0 | K89: 1 | L89: 0 | M89: 0 | N89: 0 | O89: 0 | P89: 0 | Q89: 0 | R89: 0 | S89: 0 | T89: https://www.clickideacore.com/ClickHTML5/Visit.aspx?ID=//54DAEwASwAzADMAMgA1ADQAMgA0ADIASQBEAEUAQQA8=&Tipo=2&ST=1&nLang=0 | U89: 0 | V89: 40 | W89: 0 | X89: 0 | Y89: 0 | Z89: 0 | AA89: 0 | AB89: 0
A90: Cristian Valdivia | B90: Hugo Troncoso | C90: OP-S-100 | D90: 45779 | E90: 45779 | F90: 27 | G90: Ok | H90: 18 | I90: 0 | J90: 0 | K90: 0 | L90: 1 | M90: 0 | N90: 0 | O90: 0 | P90: 0 | Q90: 0 | R90: 0 | S90: 0 | T90: https://www.clickideacore.com/ClickHTML5/Visit.aspx?ID=//53DAEwASwAzADMAMgA1ADUANgA0ADkASQBEAEUAQQAF=&Tipo=2&ST=1&nLang=0 | U90: 0 | V90: 44 | W90: 0 | X90: 0 | Y90: 0 | Z90: 0 | AA90: 0 | AB90: 0
A91: Daniel Peña | B91: Michael Suarez | C91: OP-DYR-004 | D91: 45779 | E91: 45779 | F91: 47 | G91: Ok | H91: 19 | I91: 0 | J91: 0 | K91: 1 | L91: 0 | M91: 0 | N91: 0 | O91: 0 | P91: 0 | Q91: 0 | R91: 0 | S91: 0 | T91: https://www.clickideacore.com/ClickHTML5/Visit.aspx?ID=//5ADAEwASwAzADMAMgA1ADEANwA0ADQASQBEAEUAQQA7=&Tipo=2&ST=1&nLang=0 | U91: 0 | V91: 59 | W91: 0 | X91: 0 | Y91: 0 | Z91: 0 | AA91: 0 | AB91: 0
A92: Gerardo Cartes | B92: N/A | C92: OP-S-076 | D92: 45779 | E92: 45779 | F92: 22 | G92: Ok | H92: 0 | I92: 0 | J92: 0 | K92: 0 | L92: 0 | M92: 0 | N92: 0 | O92: 0 | P92: 0 | Q92: 0 | R92: 0 | S92: 0 | T92: https://www.clickideacore.com/ClickHTML5/Visit.aspx?ID=//56DAEwASwAzADMAMgA1ADEAMgAyADEASQBEAEUAQQAE=&Tipo=2&ST=1&nLang=0 | U92: 0 | V92: 76 | W92: 0 | X92: 0 | Y92: 0 | Z92: 0 | AA92: 0 | AB92: 0
A93: Luis Alvarez | B93: Jeremias Cerda | C93: OP-DYR-005 | D93: 45779 | E93: 45779 | F93: 19 | G93: Ok | H93: 20 | I93: 0 | J93: 0 | K93: 1 | L93: 0 | M93: 0 | N93: 0 | O93: 0 | P93: 0 | Q93: 0 | R93: 0 | S93: 0 | T93: https://www.clickideacore.com/ClickHTML5/Visit.aspx?ID=//5DDAEwASwAzADMAMgA1ADYAMgA0ADIASQBEAEUAQQAE=&Tipo=2&ST=1&nLang=0 | U93: 0 | V93: 36 | W93: 0 | X93: 0 | Y93: 0 | Z93: 0 | AA93: 0 | AB93: 0
A94: Eduardo Soto | B94: Alejandro Escobar | C94: OP-S-200 | D94: 45779 | E94: 45779 | F94: 0 | G94: Ok | H94: 19 | I94: 0 | J94: 0 | K94: 1 | L94: 0 | M94: 0 | N94: 0 | O94: 0 | P94: 0 | Q94: 0 | R94: 0 | S94: 0 | T94: 0 | U94: 0 | V94: 76 | W94: 0 | X94: 0 | Y94: 0 | Z94: 0 | AA94: 0 | AB94: 0
A95: Andres Moya | B95: N/A | C95: 0 | D95: 45779 | E95: 45779 | F95: 0 | G95: Vacaciones | H95: 0 | I95: 0 | J95: 0 | K95: 0 | L95: 0 | M95: 0 | N95: 0 | O95: 0 | P95: 0 | Q95: 0 | R95: 0 | S95: 0 | T95: 0 | U95: 0 | V95: 0 | W95: 0 | X95: 0 | Y95: 0 | Z95: 0 | AA95: 0 | AB95: 0
A96: N/A | B96: Yosman Perez | C96: 0 | D96: 45779 | E96: 45779 | F96: 0 | G96: Libre Compensatorio | H96: 0 | I96: 0 | J96: 0 | K96: 0 | L96: 0 | M96: 0 | N96: 0 | O96: 0 | P96: 0 | Q96: 0 | R96: 0 | S96: 0 | T96: 0 | U96: 0 | V96: 0 | W96: 0 | X96: 0 | Y96: 0 | Z96: 0 | AA96: 0 | AB96: 0
A97: Albert Riveros | B97: N/A | C97: 0 | D97: 45779 | E97: 45779 | F97: 0 | G97: Licencia Medica | H97: 0 | I97: 0 | J97: 0 | K97: 0 | L97: 0 | M97: 0 | N97: 0 | O97: 0 | P97: 0 | Q97: 0 | R97: 0 | S97: 0 | T97: 0 | U97: 0 | V97: 0 | W97: 0 | X97: 0 | Y97: 0 | Z97: 0 | AA97: 0 | AB97: 0
A98: Francisco Cuevas | B98: N/A | C98: 0 | D98: 45779 | E98: 45779 | F98: 0 | G98: Licencia Medica | H98: 0 | I98: 0 | J98: 0 | K98: 0 | L98: 0 | M98: 0 | N98: 0 | O98: 0 | P98: 0 | Q98: 0 | R98: 0 | S98: 0 | T98: 0 | U98: 0 | V98: 0 | W98: 0 | X98: 0 | Y98: 0 | Z98: 0 | AA98: 0 | AB98: 0
A99: N/A | B99: Gonzalo Gonzalez | C99: 0 | D99: 45779 | E99: 45779 | F99: 0 | G99: Licencia Medica | H99: 0 | I99: 0 | J99: 0 | K99: 0 | L99: 0 | M99: 0 | N99: 0 | O99: 0 | P99: 0 | Q99: 0 | R99: 0 | S99: 0 | T99: 0 | U99: 0 | V99: 0 | W99: 0 | X99: 0 | Y99: 0 | Z99: 0 | AA99: 0 | AB99: 0
A100: Claudio Garrido | B100: Wilmer Villa | C100: OP-S-005 | D100: 45780 | E100: 45780 | F100: 39 | G100: Ok | H100: 0 | I100: 0 | J100: 0 | K100: 1 | L100: 0 | M100: 0 | N100: 0 | O100: 1 | P100: 0 | Q100: 2 | R100: 1 | S100: 0 | T100: https://www.clickideacore.com/ClickHTML5/Visit.aspx?ID=//59DAEwASwAzADMAMgA3ADEAMgAxADcASQBEAEUAQQAD=&Tipo=2&ST=1&nLang=0 | U100: 12 | V100: 0 | W100: 0 | X100: 0 | Y100: 0 | Z100: 0 | AA100: 0 | AB100: 0
A101: Cristian Valdivia | B101: Sergio Toledo | C101: OP-S-100 | D101: 45780 | E101: 45780 | F101: 61 | G101: Ok | H101: 0 | I101: 0 | J101: 0 | K101: 0 | L101: 0 | M101: 0 | N101: 0 | O101: 1 | P101: 0 | Q101: 8 | R101: 1 | S101: 0 | T101: https://www.clickideacore.com/ClickHTML5/Visit.aspx?ID=//5EDAEwASwAzADMAMgA3ADEAMgA2ADQASQBEAEUAQQA4=&Tipo=2&ST=1&nLang=0 | U101: 16 | V101: 0 | W101: 0 | X101: 0 | Y101: 0 | Z101: 0 | AA101: 1 | AB101: 0
A102: Edgar Benavides | B102: Yosman Perez | C102: OP-SDYR-001 | D102: 45780 | E102: 45780 | F102: 38 | G102: Ok | H102: 0 | I102: 0 | J102: 0 | K102: 1 | L102: 0 | M102: 0 | N102: 0 | O102: 1 | P102: 0 | Q102: 3 | R102: 1 | S102: 0 | T102: https://www.clickideacore.com/ClickHTML5/Visit.aspx?ID=//57DAEwASwAzADMAMgA3ADAANgA4ADIASQBEAEUAQQA6=&Tipo=2&ST=1&nLang=0 | U102: 14 | V102: 0 | W102: 0 | X102: 0 | Y102: 0 | Z102: 0 | AA102: 0 | AB102: 0
A103: Eduardo Soto | B103: Alejandro Escobar | C103: OP-S-200 | D103: 45780 | E103: 45780 | F103: 24 | G103: Ok | H103: 0 | I103: 0 | J103: 0 | K103: 1 | L103: 0 | M103: 0 | N103: 0 | O103: 1 | P103: 0 | Q103: 7 | R103: 1 | S103: 0 | T103: https://www.clickideacore.com/ClickHTML5/Visit.aspx?ID=//5ADAEwASwAzADMAMgA3ADIAMAA2ADEASQBEAEUAQQA6=&Tipo=2&ST=1&nLang=0 | U103: 0 | V103: 0 | W103: 0 | X103: 0 | Y103: 0 | Z103: 0 | AA103: 0 | AB103: 0
A104: Fernando Diaz | B104: Hugo Troncoso | C104: OP-S-DYR-009 | D104: 45780 | E104: 45780 | F104: 45 | G104: Ok | H104: 0 | I104: 0 | J104: 0 | K104: 1 | L104: 0 | M104: 0 | N104: 0 | O104: 1 | P104: 0 | Q104: 1 | R104: 1 | S104: 0 | T104: https://www.clickideacore.com/ClickHTML5/Visit.aspx?ID=//57DAEwASwAzADMAMgA3ADIAMAA1ADYASQBEAEUAQQA6=&Tipo=2&ST=1&nLang=0 | U104: 0 | V104: 0 | W104: 0 | X104: 0 | Y104: 0 | Z104: 0 | AA104: 0 | AB104: 0
A105: Claudio Garrido | B105: Wilmer Villa | C105: OP-S-005 | D105: 45781 | E105: 45781 | F105: 50 | G105: Ok | H105: 0 | I105: 0 | J105: 1 | K105: 1 | L105: 0 | M105: 0 | N105: 0 | O105: 0 | P105: 1 | Q105: 4 | R105: 0 | S105: 1 | T105: https://www.clickideacore.com/ClickHTML5/Visit.aspx?ID=//59DAEwASwAzADMAMgA4ADAAMAA5ADQASQBEAEUAQQA8=&Tipo=2&ST=1&nLang=0 | U105: 16 | V105: 0 | W105: 0 | X105: 0 | Y105: 0 | Z105: 0 | AA105: 0 | AB105: 0
A106: Cristian Valdivia | B106: Sergio Toledo | C106: OP-S-100 | D106: 45781 | E106: 45781 | F106: 79 | G106: Ok | H106: 0 | I106: 0 | J106: 0 | K106: 0 | L106: 0 | M106: 0 | N106: 0 | O106: 0 | P106: 1 | Q106: 9 | R106: 0 | S106: 1 | T106: https://www.clickideacore.com/ClickHTML5/Visit.aspx?ID=//57DAEwASwAzADMAMgA3ADkAOAA5ADAASQBEAEUAQQA9=&Tipo=2&ST=1&nLang=0 | U106: 15 | V106: 0 | W106: 0 | X106: 0 | Y106: 0 | Z106: 0 | AA106: 0 | AB106: 1
...

Sheet Hoja2
A1: Operador | C1: 45769 | D1: 45770 | E1: 45771 | F1: 45772 | G1: 45773 | H1: 45774 | I1: 45775 | J1: 45776 | K1: 45777 | L1: 45778 | M1: 45779 | N1: 45780 | O1: 45781 | P1: 45782
A2: Cristian Valdivia
B3: Estado | C3: =+SUMIF('Base Datos'!E:Z,Hoja2!B3) -> 0
B4: Despacho / Retiro | C4: =+SUMIF('Base Datos'!E:Z,Hoja2!B4) -> 0
B5: Entrada < 19:30 | C5: =+SUMIF('Base Datos'!E:Z,Hoja2!B5) -> 0
B6: Salida > 19:30 | C6: =+SUMIF('Base Datos'!E:Z,Hoja2!B6) -> 0
B7: Feria Semana 01 | C7: =+SUMIF('Base Datos'!E:Z,Hoja2!B7) -> 0
B8: Feria Semana 02 | C8: =+SUMIF('Base Datos'!E:Z,Hoja2!B8) -> 0
B9: Fuera Radio Normal | C9: =+SUMIF('Base Datos'!E:Z,Hoja2!B9) -> 0
B10: Fuera Radio V Región | C10: =+SUMIF('Base Datos'!E:Z,Hoja2!B10) -> 0
B11: Sabado | C11: =+SUMIF('Base Datos'!E:Z,Hoja2!B11) -> 0
B12: Domingo | C12: =+SUMIF('Base Datos'!E:Z,Hoja2!B12) -> 0
B13: Viajes Por Cliente | C13: =+SUMIF('Base Datos'!E:Z,Hoja2!B13) -> 0
B14: Sábado > 16:00 | C14: =+SUMIF('Base Datos'!E:Z,Hoja2!B14) -> 0
... B22: Fosa | C22: =+SUMIF('Base Datos'!E:Z,Hoja2!B22) -> 0
A24: Daniel Peña
B25: Estado
B26: Despacho / Retiro
B27: Entrada < 19:30
B28: Salida > 19:30
B29: Feria Semana 01
B30: Feria Semana 02
B31: Fuera Radio Normal
B32: Fuera Radio V Región
B33: Sabado
B34: Domingo
B35: Viajes Por Cliente
B36: Sábado > 16:00
... B44: Fosa
A46: Eduardo Soto
B47: Estado
B48: Despacho / Retiro
B49: Entrada < 19:30
B50: Salida > 19:30
B51: Feria Semana 01
B52: Feria Semana 02
B53: Fuera Radio Normal
B54: Fuera Radio V Región
B55: Sabado
B56: Domingo
B57: Viajes Por Cliente
B58: Sábado > 16:00
... B66: Fosa
A68: Gerardo Cartes
B69: Estado
B70: Despacho / Retiro
B71: Entrada < 19:30
B72: Salida > 19:30
B73: Feria Semana 01
B74: Feria Semana 02
B75: Fuera Radio Normal
B76: Fuera Radio V Región
B77: Sabado
B78: Domingo
B79: Viajes Por Cliente
B80: Sábado > 16:00
... B88: Fosa
A90: Luis Alvarez
B91: Estado
B92: Despacho / Retiro
B93: Entrada < 19:30
B94: Salida > 19:30
B95: Feria Semana 01
B96: Feria Semana 02
B97: Fuera Radio Normal
B98: Fuera Radio V Región
B99: Sabado
B100: Domingo
B101: Viajes Por Cliente
B102: Sábado > 16:00
... B110: Fosa
A112: Claudio Garrido
B113: Estado
B114: Despacho / Retiro
B115: Entrada < 19:30
B116: Salida > 19:30
B117: Feria Semana 01
B118: Feria Semana 02
B119: Fuera Radio Normal
B120: Fuera Radio V Región
B121: Sabado
B122: Domingo
B123: Viajes Por Cliente
B124: Sábado > 16:00
... B132: Fosa
A134: Jeremias Cerda
B135: Estado
B136: Despacho / Retiro
B137: Entrada < 19:30
B138: Salida > 19:30
B139: Feria Semana 01
B140: Feria Semana 02
B141: Fuera Radio Normal
B142: Fuera Radio V Región
B143: Sabado
B144: Domingo
B145: Viajes Por Cliente
B146: Sábado > 16:00
... B154: Fosa
A156: Albert Riveros
...
